Sample,Isolate,Country,Year,Species,Description,Region
SEANFDS13170967,HINF3016UHS,United Kingdom,2009,Haemophilus influenzae,Haemophilus influenzae,Hampshire
SEANFDS13170968,HINF3018UHS,United Kingdom,2009,Haemophilus influenzae,Haemophilus influenzae,Hampshire
SEANFDS13170969,HINF3026UHS,United Kingdom,2009,Haemophilus influenzae,Haemophilus influenzae,Hampshire
SEANFDS13170970,HINF3028UHS,United Kingdom,2009,Haemophilus influenzae,Haemophilus influenzae,Hampshire
SEANFDS13170971,HINF3034UHS,United Kingdom,2009,Haemophilus influenzae,Haemophilus influenzae,Hampshire
SEANFDS13170972,HINF3040UHS,United Kingdom,2009,Haemophilus influenzae,Haemophilus influenzae,Hampshire
SEANFDS13170973,HINF3042UHS,United Kingdom,2009,Haemophilus influenzae,Haemophilus influenzae,Hampshire
SEANFDS13170974,HINF3045UHS,United Kingdom,2009,Haemophilus influenzae,Haemophilus influenzae,Hampshire
SEANFDS13170975,HINF3046UHS,United Kingdom,2009,Haemophilus influenzae,Haemophilus influenzae,Hampshire
SEANFDS13170976,HINF3047UHS,United Kingdom,2009,Haemophilus influenzae,Haemophilus influenzae,Hampshire
SEANFDS13170977,HINF3048UHS,United Kingdom,2009,Haemophilus influenzae,Haemophilus influenzae,Hampshire
SEANFDS13170978,HINF3061UHS,United Kingdom,2009,Haemophilus influenzae,Haemophilus influenzae,Hampshire
SEANFDS13170979,HINF3063UHS,United Kingdom,2009,Haemophilus influenzae,Haemophilus influenzae,Hampshire
SEANFDS13170980,HINF3067UHS,United Kingdom,2009,Haemophilus influenzae,Haemophilus influenzae,Hampshire
SEANFDS13170981,HINF3068UHS,United Kingdom,2009,Haemophilus influenzae,Haemophilus influenzae,Hampshire
SEANFDS13170982,HINF3074UHS,United Kingdom,2009,Haemophilus influenzae,Haemophilus influenzae,Hampshire
SEANFDS13170983,HINF3077UHS,United Kingdom,2009,Haemophilus influenzae,Haemophilus influenzae,Hampshire
SEANFDS13170984,HINF3110UHS,United Kingdom,2009,Haemophilus influenzae,Haemophilus influenzae,Hampshire
SEANFDS13170985,HINF3119UHS,United Kingdom,2009,Haemophilus influenzae,Haemophilus influenzae,Hampshire
SEANFDS13170986,HINF3123UHS,United Kingdom,2009,Haemophilus influenzae,Haemophilus influenzae,Hampshire
SEANFDS13170987,HINF3149UHS,United Kingdom,2009,Haemophilus influenzae,Haemophilus influenzae,Hampshire
SEANFDS13170988,HINF3154UHS,United Kingdom,2009,Haemophilus influenzae,Haemophilus influenzae,Hampshire
SEANFDS13170989,HINF3159UHS,United Kingdom,2009,Haemophilus influenzae,Haemophilus influenzae,Hampshire
SEANFDS13170990,HINF3160UHS,United Kingdom,2009,Haemophilus influenzae,Haemophilus influenzae,Hampshire
SEANFDS13170991,HINF3162UHS,United Kingdom,2009,Haemophilus influenzae,Haemophilus influenzae,Hampshire
SEANFDS13170992,HINF3179UHS,United Kingdom,2009,Haemophilus influenzae,Haemophilus influenzae,Hampshire
SEANFDS13170993,HINF3186UHS,United Kingdom,2009,Haemophilus influenzae,Haemophilus influenzae,Hampshire
SEANFDS13170994,HINF3195UHS,United Kingdom,2009,Haemophilus influenzae,Haemophilus influenzae,Hampshire
SEANFDS13170995,HINF3196UHS,United Kingdom,2009,Haemophilus influenzae,Haemophilus influenzae,Hampshire
SEANFDS13170996,HINF3197UHS,United Kingdom,2009,Haemophilus influenzae,Haemophilus influenzae,Hampshire
SEANFDS13170997,HINF3200UHS,United Kingdom,2009,Haemophilus influenzae,Haemophilus influenzae,Hampshire
SEANFDS13170998,HINF3203UHS,United Kingdom,2009,Haemophilus influenzae,Haemophilus influenzae,Hampshire
SEANFDS13170999,HINF3205UHS,United Kingdom,2009,Haemophilus influenzae,Haemophilus influenzae,Hampshire
SEANFDS13171000,HINF3207UHS,United Kingdom,2009,Haemophilus influenzae,Haemophilus influenzae,Hampshire
SEANFDS13171001,HINF3211UHS,United Kingdom,2009,Haemophilus influenzae,Haemophilus influenzae,Hampshire
SEANFDS13171002,HINF3214UHS,United Kingdom,2009,Haemophilus influenzae,Haemophilus influenzae,Hampshire
SEANFDS13171003,HINF3218UHS,United Kingdom,2009,Haemophilus influenzae,Haemophilus influenzae,Hampshire
SEANFDS13171004,HINF3224UHS,United Kingdom,2009,Haemophilus influenzae,Haemophilus influenzae,Hampshire
SEANFDS13171005,HINF3227UHS,United Kingdom,2009,Haemophilus influenzae,Haemophilus influenzae,Hampshire
SEANFDS13171006,HINF3230UHS,United Kingdom,2009,Haemophilus influenzae,Haemophilus influenzae,Hampshire
SEANFDS13171007,HINF3237UHS,United Kingdom,2009,Haemophilus influenzae,Haemophilus influenzae,Hampshire
SEANFDS13171008,HINF3247UHS,United Kingdom,2009,Haemophilus influenzae,Haemophilus influenzae,Hampshire
SEANFDS13171009,HINF3253UHS,United Kingdom,2009,Haemophilus influenzae,Haemophilus influenzae,Hampshire
SEANFDS13171010,HINF3254UHS,United Kingdom,2009,Haemophilus influenzae,Haemophilus influenzae,Hampshire
SEANFDS13171011,HINF3255UHS,United Kingdom,2009,Haemophilus influenzae,Haemophilus influenzae,Hampshire
SEANFDS13171012,HINF3257UHS,United Kingdom,2009,Haemophilus influenzae,Haemophilus influenzae,Hampshire
SEANFDS13171013,HINF3258UHS,United Kingdom,2009,Haemophilus influenzae,Haemophilus influenzae,Hampshire
SEANFDS13171014,HINF3259UHS,United Kingdom,2009,Haemophilus influenzae,Haemophilus influenzae,Hampshire
SEANFDS13171015,HINF3260UHS,United Kingdom,2009,Haemophilus influenzae,Haemophilus influenzae,Hampshire
SEANFDS13171016,HINF3264UHS,United Kingdom,2009,Haemophilus influenzae,Haemophilus influenzae,Hampshire
SEANFDS13171017,HINF3270UHS,United Kingdom,2009,Haemophilus influenzae,Haemophilus influenzae,Hampshire
SEANFDS13171018,HINF3271UHS,United Kingdom,2009,Haemophilus influenzae,Haemophilus influenzae,Hampshire
SEANFDS13171019,HINF3277UHS,United Kingdom,2009,Haemophilus influenzae,Haemophilus influenzae,Hampshire
SEANFDS13171020,HINF3285UHS,United Kingdom,2009,Haemophilus influenzae,Haemophilus influenzae,Hampshire
SEANFDS13171021,HINF3288UHS,United Kingdom,2009,Haemophilus influenzae,Haemophilus influenzae,Hampshire
SEANFDS13171022,HINF3291UHS,United Kingdom,2009,Haemophilus influenzae,Haemophilus influenzae,Hampshire
SEANFDS13171023,HINF3293UHS,United Kingdom,2009,Haemophilus influenzae,Haemophilus influenzae,Hampshire
SEANFDS13171024,HINF3294UHS,United Kingdom,2009,Haemophilus influenzae,Haemophilus influenzae,Hampshire
SEANFDS13171025,HINF3298UHS,United Kingdom,2009,Haemophilus influenzae,Haemophilus influenzae,Hampshire
SEANFDS13171026,HINF3309UHS,United Kingdom,2009,Haemophilus influenzae,Haemophilus influenzae,Hampshire
SEANFDS13171027,HINF3310UHS,United Kingdom,2009,Haemophilus influenzae,Haemophilus influenzae,Hampshire
SEANFDS13171028,HINF4002UHS,United Kingdom,2010,Haemophilus influenzae,Haemophilus influenzae,Hampshire
SEANFDS13171029,HINF4016UHS,United Kingdom,2010,Haemophilus influenzae,Haemophilus influenzae,Hampshire
SEANFDS13171030,HINF4037UHS,United Kingdom,2010,Haemophilus influenzae,Haemophilus influenzae,Hampshire
SEANFDS13171031,HINF4039UHS,United Kingdom,2010,Haemophilus influenzae,Haemophilus influenzae,Hampshire
SEANFDS13171032,HINF4044UHS,United Kingdom,2010,Haemophilus influenzae,Haemophilus influenzae,Hampshire
SEANFDS13171033,HINF4076UHS,United Kingdom,2010,Haemophilus influenzae,Haemophilus influenzae,Hampshire
SEANFDS13171034,HINF4077UHS,United Kingdom,2010,Haemophilus influenzae,Haemophilus influenzae,Hampshire
SEANFDS13171035,HINF4081UHS,United Kingdom,2010,Haemophilus influenzae,Haemophilus influenzae,Hampshire
SEANFDS13171036,HINF4091UHS,United Kingdom,2010,Haemophilus influenzae,Haemophilus influenzae,Hampshire
SEANFDS13171037,HINF4110UHS,United Kingdom,2010,Haemophilus influenzae,Haemophilus influenzae,Hampshire
SEANFDS13171038,HINF4116UHS,United Kingdom,2010,Haemophilus influenzae,Haemophilus influenzae,Hampshire
SEANFDS13171039,HINF4131UHS,United Kingdom,2010,Haemophilus influenzae,Haemophilus influenzae,Hampshire
SEANFDS13171040,HINF4138UHS,United Kingdom,2010,Haemophilus influenzae,Haemophilus influenzae,Hampshire
SEANFDS13171041,HINF4139UHS,United Kingdom,2010,Haemophilus influenzae,Haemophilus influenzae,Hampshire
SEANFDS13171042,HINF4140UHS,United Kingdom,2010,Haemophilus influenzae,Haemophilus influenzae,Hampshire
SEANFDS13171043,HINF4151UHS,United Kingdom,2010,Haemophilus influenzae,Haemophilus influenzae,Hampshire
SEANFDS13171044,HINF4152UHS,United Kingdom,2010,Haemophilus influenzae,Haemophilus influenzae,Hampshire
SEANFDS13171045,HINF4154UHS,United Kingdom,2010,Haemophilus influenzae,Haemophilus influenzae,Hampshire
SEANFDS13171046,HINF4157UHS,United Kingdom,2010,Haemophilus influenzae,Haemophilus influenzae,Hampshire
SEANFDS13171047,HINF4165UHS,United Kingdom,2010,Haemophilus influenzae,Haemophilus influenzae,Hampshire
SEANFDS13171048,HINF4167UHS,United Kingdom,2010,Haemophilus influenzae,Haemophilus influenzae,Hampshire
SEANFDS13171049,HINF4171UHS,United Kingdom,2010,Haemophilus influenzae,Haemophilus influenzae,Hampshire
SEANFDS13171050,HINF4187UHS,United Kingdom,2010,Haemophilus influenzae,Haemophilus influenzae,Hampshire
SEANFDS13171051,HINF4190UHS,United Kingdom,2010,Haemophilus influenzae,Haemophilus influenzae,Hampshire
SEANFDS13171052,HINF4193UHS,United Kingdom,2010,Haemophilus influenzae,Haemophilus influenzae,Hampshire
SEANFDS13171053,HINF4195UHS,United Kingdom,2010,Haemophilus influenzae,Haemophilus influenzae,Hampshire
SEANFDS13171054,HINF4213UHS,United Kingdom,2010,Haemophilus influenzae,Haemophilus influenzae,Hampshire
SEANFDS13171055,HINF4226UHS,United Kingdom,2010,Haemophilus influenzae,Haemophilus influenzae,Hampshire
SEANFDS13171056,HINF4227UHS,United Kingdom,2010,Haemophilus influenzae,Haemophilus influenzae,Hampshire
SEANFDS13171057,HINF4246UHS,United Kingdom,2010,Haemophilus influenzae,Haemophilus influenzae,Hampshire
SEANFDS13171058,HINF4250UHS,United Kingdom,2010,Haemophilus influenzae,Haemophilus influenzae,Hampshire
SEANFDS13171059,HINF4253UHS,United Kingdom,2010,Haemophilus influenzae,Haemophilus influenzae,Hampshire
SEANFDS13171060,HINF4255UHS,United Kingdom,2010,Haemophilus influenzae,Haemophilus influenzae,Hampshire
SEANFDS13171061,HINF4263UHS,United Kingdom,2010,Haemophilus influenzae,Haemophilus influenzae,Hampshire
SEANFDS13171063,HINF4267UHS,United Kingdom,2010,Haemophilus influenzae,Haemophilus influenzae,Hampshire
SEANFDS13171064,HINF4279UHS,United Kingdom,2010,Haemophilus influenzae,Haemophilus influenzae,Hampshire
SEANFDS13171065,HINF4291UHS,United Kingdom,2010,Haemophilus influenzae,Haemophilus influenzae,Hampshire
SEANFDS13171066,HINF4297UHS,United Kingdom,2010,Haemophilus influenzae,Haemophilus influenzae,Hampshire
SEANFDS13171067,HINF4301UHS,United Kingdom,2010,Haemophilus influenzae,Haemophilus influenzae,Hampshire
SEANFDS13171068,HINF4305UHS,United Kingdom,2010,Haemophilus influenzae,Haemophilus influenzae,Hampshire
SEANFDS13171069,HINF4306UHS,United Kingdom,2010,Haemophilus influenzae,Haemophilus influenzae,Hampshire
SEANFDS13171070,HINF4315UHS,United Kingdom,2010,Haemophilus influenzae,Haemophilus influenzae,Hampshire
SEANFDS13171071,HINF4331UHS,United Kingdom,2010,Haemophilus influenzae,Haemophilus influenzae,Hampshire
SEANFDS13171072,HINF4335UHS,United Kingdom,2010,Haemophilus influenzae,Haemophilus influenzae,Hampshire
SEANFDS13171073,HINF4337UHS,United Kingdom,2010,Haemophilus influenzae,Haemophilus influenzae,Hampshire
SEANFDS13171074,HINF4345UHS,United Kingdom,2010,Haemophilus influenzae,Haemophilus influenzae,Hampshire
SEANFDS13171075,HINF4353UHS,United Kingdom,2010,Haemophilus influenzae,Haemophilus influenzae,Hampshire
SEANFDS13171076,HINF4355UHS,United Kingdom,2010,Haemophilus influenzae,Haemophilus influenzae,Hampshire
SEANFDS13171077,HINF4367UHS,United Kingdom,2010,Haemophilus influenzae,Haemophilus influenzae,Hampshire
SEANFDS13171078,HINF4368UHS,United Kingdom,2010,Haemophilus influenzae,Haemophilus influenzae,Hampshire
SEANFDS13171079,HINF4378UHS,United Kingdom,2010,Haemophilus influenzae,Haemophilus influenzae,Hampshire
SEANFDS13171080,HINF4379UHS,United Kingdom,2010,Haemophilus influenzae,Haemophilus influenzae,Hampshire
SEANFDS13171081,HINF4380UHS,United Kingdom,2010,Haemophilus influenzae,Haemophilus influenzae,Hampshire
SEANFDS13171082,HINF4385UHS,United Kingdom,2010,Haemophilus influenzae,Haemophilus influenzae,Hampshire
SEANFDS13171083,HINF4387UHS,United Kingdom,2010,Haemophilus influenzae,Haemophilus influenzae,Hampshire
SEANFDS13171084,HINF4393UHS,United Kingdom,2010,Haemophilus influenzae,Haemophilus influenzae,Hampshire
SEANFDS13171085,HINF4396UHS,United Kingdom,2010,Haemophilus influenzae,Haemophilus influenzae,Hampshire
SEANFDS13171086,HINF5011UHS,United Kingdom,2011,Haemophilus influenzae,Haemophilus influenzae,Hampshire
SEANFDS13171087,HINF5013UHS,United Kingdom,2011,Haemophilus influenzae,Haemophilus influenzae,Hampshire
SEANFDS13171088,HINF5015UHS,United Kingdom,2011,Haemophilus influenzae,Haemophilus influenzae,Hampshire
SEANFDS13171089,HINF5020UHS,United Kingdom,2011,Haemophilus influenzae,Haemophilus influenzae,Hampshire
SEANFDS13171090,HINF5023UHS,United Kingdom,2011,Haemophilus influenzae,Haemophilus influenzae,Hampshire
SEANFDS13171091,HINF5027UHS,United Kingdom,2011,Haemophilus influenzae,Haemophilus influenzae,Hampshire
SEANFDS13171092,HINF5032UHS,United Kingdom,2011,Haemophilus influenzae,Haemophilus influenzae,Hampshire
SEANFDS13171093,HINF5034UHS,United Kingdom,2011,Haemophilus influenzae,Haemophilus influenzae,Hampshire
SEANFDS13171094,HINF5039UHS,United Kingdom,2011,Haemophilus influenzae,Haemophilus influenzae,Hampshire
SEANFDS13171095,HINF5042UHS,United Kingdom,2011,Haemophilus influenzae,Haemophilus influenzae,Hampshire
SEANFDS13171096,HINF5055UHS,United Kingdom,2011,Haemophilus influenzae,Haemophilus influenzae,Hampshire
SEANFDS13171097,HINF5058UHS,United Kingdom,2011,Haemophilus influenzae,Haemophilus influenzae,Hampshire
SEANFDS13171098,HINF5071UHS,United Kingdom,2011,Haemophilus influenzae,Haemophilus influenzae,Hampshire
SEANFDS13171099,HINF5078UHS,United Kingdom,2011,Haemophilus influenzae,Haemophilus influenzae,Hampshire
SEANFDS13171100,HINF5079UHS,United Kingdom,2011,Haemophilus influenzae,Haemophilus influenzae,Hampshire
SEANFDS13171101,HINF5080UHS,United Kingdom,2011,Haemophilus influenzae,Haemophilus influenzae,Hampshire
SEANFDS13171102,HINF5084UHS,United Kingdom,2011,Haemophilus influenzae,Haemophilus influenzae,Hampshire
SEANFDS13171103,HINF5102UHS,United Kingdom,2011,Haemophilus influenzae,Haemophilus influenzae,Hampshire
SEANFDS13171104,HINF5111UHS,United Kingdom,2011,Haemophilus influenzae,Haemophilus influenzae,Hampshire
SEANFDS13171105,HINF5112UHS,United Kingdom,2011,Haemophilus influenzae,Haemophilus influenzae,Hampshire
SEANFDS13171106,HINF5118UHS,United Kingdom,2011,Haemophilus influenzae,Haemophilus influenzae,Hampshire
SEANFDS13171107,HINF5122UHS,United Kingdom,2011,Haemophilus influenzae,Haemophilus influenzae,Hampshire
SEANFDS13171108,HINF5126UHS,United Kingdom,2011,Haemophilus influenzae,Haemophilus influenzae,Hampshire
SEANFDS13171109,HINF5130UHS,United Kingdom,2011,Haemophilus influenzae,Haemophilus influenzae,Hampshire
SEANFDS13171110,HINF5133UHS,United Kingdom,2011,Haemophilus influenzae,Haemophilus influenzae,Hampshire
SEANFDS13171111,HINF5134UHS,United Kingdom,2011,Haemophilus influenzae,Haemophilus influenzae,Hampshire
SEANFDS13171112,HINF5135UHS,United Kingdom,2011,Haemophilus influenzae,Haemophilus influenzae,Hampshire
SEANFDS13171113,HINF5139UHS,United Kingdom,2011,Haemophilus influenzae,Haemophilus influenzae,Hampshire
SEANFDS13171114,HINF5152UHS,United Kingdom,2011,Haemophilus influenzae,Haemophilus influenzae,Hampshire
SEANFDS13171115,HINF5155UHS,United Kingdom,2011,Haemophilus influenzae,Haemophilus influenzae,Hampshire
SEANFDS13171116,HINF5156UHS,United Kingdom,2011,Haemophilus influenzae,Haemophilus influenzae,Hampshire
SEANFDS13171117,HINF5159UHS,United Kingdom,2011,Haemophilus influenzae,Haemophilus influenzae,Hampshire
SEANFDS13171118,HINF5162UHS,United Kingdom,2011,Haemophilus influenzae,Haemophilus influenzae,Hampshire
SEANFDS13171119,HINF5165UHS,United Kingdom,2011,Haemophilus influenzae,Haemophilus influenzae,Hampshire
SEANFDS13171120,HINF5168UHS,United Kingdom,2011,Haemophilus influenzae,Haemophilus influenzae,Hampshire
SEANFDS13171121,HINF5175UHS,United Kingdom,2011,Haemophilus influenzae,Haemophilus influenzae,Hampshire
SEANFDS13171122,HINF5181UHS,United Kingdom,2011,Haemophilus influenzae,Haemophilus influenzae,Hampshire
SEANFDS13171123,HINF5184UHS,United Kingdom,2011,Haemophilus influenzae,Haemophilus influenzae,Hampshire
SEANFDS13171124,HINF5185UHS,United Kingdom,2011,Haemophilus influenzae,Haemophilus influenzae,Hampshire
SEANFDS13171125,HINF5192UHS,United Kingdom,2011,Haemophilus influenzae,Haemophilus influenzae,Hampshire
SEANFDS13171126,HINF5194UHS,United Kingdom,2011,Haemophilus influenzae,Haemophilus influenzae,Hampshire
SEANFDS13171127,HINF5199UHS,United Kingdom,2011,Haemophilus influenzae,Haemophilus influenzae,Hampshire
SEANFDS13171128,HINF5206UHS,United Kingdom,2011,Haemophilus influenzae,Haemophilus influenzae,Hampshire
SEANFDS13171129,HINF5209UHS,United Kingdom,2011,Haemophilus influenzae,Haemophilus influenzae,Hampshire
SEANFDS13171130,HINF5219UHS,United Kingdom,2011,Haemophilus influenzae,Haemophilus influenzae,Hampshire
SEANFDS13171131,HINF5220UHS,United Kingdom,2011,Haemophilus influenzae,Haemophilus influenzae,Hampshire
SEANFDS13171132,HINF5224UHS,United Kingdom,2011,Haemophilus influenzae,Haemophilus influenzae,Hampshire
SEANFDS13171133,HINF5227UHS,United Kingdom,2011,Haemophilus influenzae,Haemophilus influenzae,Hampshire
SEANFDS13171134,HINF5229UHS,United Kingdom,2011,Haemophilus influenzae,Haemophilus influenzae,Hampshire
SEANFDS13171135,HINF5230UHS,United Kingdom,2011,Haemophilus influenzae,Haemophilus influenzae,Hampshire
SEANFDS13171136,HINF5233UHS,United Kingdom,2011,Haemophilus influenzae,Haemophilus influenzae,Hampshire
SEANFDS13171137,HINF5234UHS,United Kingdom,2011,Haemophilus influenzae,Haemophilus influenzae,Hampshire
SEANFDS13171138,HINF5237UHS,United Kingdom,2011,Haemophilus influenzae,Haemophilus influenzae,Hampshire
SEANFDS13171139,HINF5238UHS,United Kingdom,2011,Haemophilus influenzae,Haemophilus influenzae,Hampshire
SEANFDS13171140,HINF5239UHS,United Kingdom,2011,Haemophilus influenzae,Haemophilus influenzae,Hampshire
SEANFDS13171141,HINF5252UHS,United Kingdom,2011,Haemophilus influenzae,Haemophilus influenzae,Hampshire
SEANFDS13171142,HINF5254UHS,United Kingdom,2011,Haemophilus influenzae,Haemophilus influenzae,Hampshire
SEANFDS13171143,HINF5259UHS,United Kingdom,2011,Haemophilus influenzae,Haemophilus influenzae,Hampshire
SEANFDS13171144,HINF5262UHS,United Kingdom,2011,Haemophilus influenzae,Haemophilus influenzae,Hampshire
SEANFDS13171145,HINF5265UHS,United Kingdom,2011,Haemophilus influenzae,Haemophilus influenzae,Hampshire
SEANFDS13171146,HINF5287UHS,United Kingdom,2011,Haemophilus influenzae,Haemophilus influenzae,Hampshire
SEANFDS13171147,HINF5288UHS,United Kingdom,2011,Haemophilus influenzae,Haemophilus influenzae,Hampshire
SEANFDS13171148,HINF13002SOL,United Kingdom,2019,Haemophilus influenzae,Haemophilus influenzae,Hampshire
SEANFDS13171149,HINF13007SOL,United Kingdom,2019,Haemophilus influenzae,Haemophilus influenzae,Hampshire
SEANFDS13171150,HINF13013SOL,United Kingdom,2019,Haemophilus influenzae,Haemophilus influenzae,Hampshire
SEANFDS13171151,HINF13017SOL,United Kingdom,2019,Haemophilus influenzae,Haemophilus influenzae,Hampshire
SEANFDS13171152,HINF13021SOL,United Kingdom,2019,Haemophilus influenzae,Haemophilus influenzae,Hampshire
SEANFDS13171153,HINF13024SOL,United Kingdom,2019,Haemophilus influenzae,Haemophilus influenzae,Hampshire
SEANFDS13171154,HINF13033SOL,United Kingdom,2019,Haemophilus influenzae,Haemophilus influenzae,Hampshire
SEANFDS13171155,HINF13038SOL,United Kingdom,2019,Haemophilus influenzae,Haemophilus influenzae,Hampshire
SEANFDS13171156,HINF13042SOL,United Kingdom,2019,Haemophilus influenzae,Haemophilus influenzae,Hampshire
SEANFDS13171157,HINF13053SOL,United Kingdom,2019,Haemophilus influenzae,Haemophilus influenzae,Hampshire
SEANFDS13171159,HINF13058SOL,United Kingdom,2019,Haemophilus influenzae,Haemophilus influenzae,Hampshire
SEANFDS13171160,HINF13061SOL,United Kingdom,2019,Haemophilus influenzae,Haemophilus influenzae,Hampshire
SEANFDS13171161,HINF13062SOL,United Kingdom,2019,Haemophilus influenzae,Haemophilus influenzae,Hampshire
SEANFDS13171162,HINF13065SOL,United Kingdom,2019,Haemophilus influenzae,Haemophilus influenzae,Hampshire
SEANFDS13171163,HINF13076SOL,United Kingdom,2019,Haemophilus influenzae,Haemophilus influenzae,Hampshire
SEANFDS13171164,HINF13077SOL,United Kingdom,2019,Haemophilus influenzae,Haemophilus influenzae,Hampshire
SEANFDS13171165,HINF13079SOL,United Kingdom,2019,Haemophilus influenzae,Haemophilus influenzae,Hampshire
SEANFDS13171166,HINF13088SOL,United Kingdom,2019,Haemophilus influenzae,Haemophilus influenzae,Hampshire
SEANFDS13171167,HINF13091SOL,United Kingdom,2019,Haemophilus influenzae,Haemophilus influenzae,Hampshire
SEANFDS13171168,HINF13093SOL,United Kingdom,2019,Haemophilus influenzae,Haemophilus influenzae,Hampshire
SEANFDS13171169,HINF13094SOL,United Kingdom,2019,Haemophilus influenzae,Haemophilus influenzae,Hampshire
SEANFDS13171170,HINF13096SOL,United Kingdom,2019,Haemophilus influenzae,Haemophilus influenzae,Hampshire
SEANFDS13171171,HINF13110SOL,United Kingdom,2019,Haemophilus influenzae,Haemophilus influenzae,Hampshire
SEANFDS13171172,HINF13112SOL,United Kingdom,2019,Haemophilus influenzae,Haemophilus influenzae,Hampshire
SEANFDS13171173,HINF13117SOL,United Kingdom,2019,Haemophilus influenzae,Haemophilus influenzae,Hampshire
SEANFDS13171174,HINF13124SOL,United Kingdom,2019,Haemophilus influenzae,Haemophilus influenzae,Hampshire
SEANFDS13171175,HINF13125SOL,United Kingdom,2019,Haemophilus influenzae,Haemophilus influenzae,Hampshire
SEANFDS13171176,HINF13127SOL,United Kingdom,2019,Haemophilus influenzae,Haemophilus influenzae,Hampshire
SEANFDS13171177,HINF13134SOL,United Kingdom,2019,Haemophilus influenzae,Haemophilus influenzae,Hampshire
SEANFDS13171178,HINF13139SOL,United Kingdom,2019,Haemophilus influenzae,Haemophilus influenzae,Hampshire
SEANFDS13171179,HINF13140SOL,United Kingdom,2019,Haemophilus influenzae,Haemophilus influenzae,Hampshire
SEANFDS13171180,HINF13143SOL,United Kingdom,2019,Haemophilus influenzae,Haemophilus influenzae,Hampshire
SEANFDS13171181,HINF13146SOL,United Kingdom,2019,Haemophilus influenzae,Haemophilus influenzae,Hampshire
SEANFDS13171182,HINF13149SOL,United Kingdom,2019,Haemophilus influenzae,Haemophilus influenzae,Hampshire
SEANFDS13171183,HINF13151SOL,United Kingdom,2019,Haemophilus influenzae,Haemophilus influenzae,Hampshire
SEANFDS13171184,HINF13164SOL,United Kingdom,2019,Haemophilus influenzae,Haemophilus influenzae,Hampshire
SEANFDS13171185,HINF13180SOL,United Kingdom,2019,Haemophilus influenzae,Haemophilus influenzae,Hampshire
SEANFDS13171186,HINF13183SOL,United Kingdom,2019,Haemophilus influenzae,Haemophilus influenzae,Hampshire
SEANFDS13171187,HINF13188SOL,United Kingdom,2019,Haemophilus influenzae,Haemophilus influenzae,Hampshire
SEANFDS13171188,HINF13192SOL,United Kingdom,2019,Haemophilus influenzae,Haemophilus influenzae,Hampshire
SEANFDS13171189,HINF13193SOL,United Kingdom,2019,Haemophilus influenzae,Haemophilus influenzae,Hampshire
SEANFDS13171190,HINF13196SOL,United Kingdom,2019,Haemophilus influenzae,Haemophilus influenzae,Hampshire
SEANFDS13171191,HINF13199SOL,United Kingdom,2019,Haemophilus influenzae,Haemophilus influenzae,Hampshire
SEANFDS13171192,HINF13221SOL,United Kingdom,2019,Haemophilus influenzae,Haemophilus influenzae,Hampshire
SEANFDS13171193,HINF13224SOL,United Kingdom,2019,Haemophilus influenzae,Haemophilus influenzae,Hampshire
SEANFDS13171194,HINF13225SOL,United Kingdom,2019,Haemophilus influenzae,Haemophilus influenzae,Hampshire
SEANFDS13171195,HINF13226SOL,United Kingdom,2019,Haemophilus influenzae,Haemophilus influenzae,Hampshire
SEANFDS13171196,HINF13247SOL,United Kingdom,2019,Haemophilus influenzae,Haemophilus influenzae,Hampshire
SEANFDS13171197,HINF13253SOL,United Kingdom,2019,Haemophilus influenzae,Haemophilus influenzae,Hampshire
SEANFDS13171198,HINF13255SOL,United Kingdom,2019,Haemophilus influenzae,Haemophilus influenzae,Hampshire
SEANFDS13171199,HINF13256SOL,United Kingdom,2019,Haemophilus influenzae,Haemophilus influenzae,Hampshire
SEANFDS13171200,HINF13266SOL,United Kingdom,2019,Haemophilus influenzae,Haemophilus influenzae,Hampshire
SEANFDS13171201,HINF13269SOL,United Kingdom,2019,Haemophilus influenzae,Haemophilus influenzae,Hampshire
SEANFDS13171202,HINF13276SOL,United Kingdom,2019,Haemophilus influenzae,Haemophilus influenzae,Hampshire
SEANFDS13171203,HINF13278SOL,United Kingdom,2019,Haemophilus influenzae,Haemophilus influenzae,Hampshire
SEANFDS13171204,HINF13280SOL,United Kingdom,2019,Haemophilus influenzae,Haemophilus influenzae,Hampshire
SEANFDS13171205,HINF13284SOL,United Kingdom,2019,Haemophilus influenzae,Haemophilus influenzae,Hampshire
SEANFDS13171206,HINF13288SOL,United Kingdom,2019,Haemophilus influenzae,Haemophilus influenzae,Hampshire
SEANFDS13171207,HINF13289SOL,United Kingdom,2019,Haemophilus influenzae,Haemophilus influenzae,Hampshire
SEANFDS13171208,HINF13294SOL,United Kingdom,2019,Haemophilus influenzae,Haemophilus influenzae,Hampshire
SEANFDS13171209,HINF13298SOL,United Kingdom,2019,Haemophilus influenzae,Haemophilus influenzae,Hampshire
SEANFDS13171210,HINF13299SOL,United Kingdom,2019,Haemophilus influenzae,Haemophilus influenzae,Hampshire
SEANFDS13171211,HINF13302SOL,United Kingdom,2019,Haemophilus influenzae,Haemophilus influenzae,Hampshire
SEANFDS13171212,HINF13308SOL,United Kingdom,2019,Haemophilus influenzae,Haemophilus influenzae,Hampshire
SEANFDS13171213,HINF13311SOL,United Kingdom,2019,Haemophilus influenzae,Haemophilus influenzae,Hampshire
SEANFDS13171214,HINF13312SOL,United Kingdom,2019,Haemophilus influenzae,Haemophilus influenzae,Hampshire
SEANFDS13171215,HINF13316SOL,United Kingdom,2019,Haemophilus influenzae,Haemophilus influenzae,Hampshire
SEANFDS13171216,HINF13319SOL,United Kingdom,2019,Haemophilus influenzae,Haemophilus influenzae,Hampshire
SEANFDS13171217,HINF13320SOL,United Kingdom,2019,Haemophilus influenzae,Haemophilus influenzae,Hampshire
SEANFDS13171218,HINF13323SOL,United Kingdom,2019,Haemophilus influenzae,Haemophilus influenzae,Hampshire
SEANFDS13171219,HINF13328SOL,United Kingdom,2019,Haemophilus influenzae,Haemophilus influenzae,Hampshire
SEANFDS13171220,HINF13334SOL,United Kingdom,2019,Haemophilus influenzae,Haemophilus influenzae,Hampshire
SEANFDS13171221,HINF13338SOL,United Kingdom,2019,Haemophilus influenzae,Haemophilus influenzae,Hampshire
SEANFDS13171222,HINF13342SOL,United Kingdom,2019,Haemophilus influenzae,Haemophilus influenzae,Hampshire
SEANFDS13171223,HINF13347SOL,United Kingdom,2019,Haemophilus influenzae,Haemophilus influenzae,Hampshire
SEANFDS13171224,HINF13348SOL,United Kingdom,2019,Haemophilus influenzae,Haemophilus influenzae,Hampshire
SEANFDS13171225,HINF13350SOL,United Kingdom,2019,Haemophilus influenzae,Haemophilus influenzae,Hampshire
SEANFDS13171226,HINF13354SOL,United Kingdom,2019,Haemophilus influenzae,Haemophilus influenzae,Hampshire
SEANFDS13171227,HINF13358SOL,United Kingdom,2019,Haemophilus influenzae,Haemophilus influenzae,Hampshire
SEANFDS13171228,HINF13375SOL,United Kingdom,2019,Haemophilus influenzae,Haemophilus influenzae,Hampshire
SEANFDS13171229,HINF13383SOL,United Kingdom,2019,Haemophilus influenzae,Haemophilus influenzae,Hampshire
SEANFDS13171230,HINF13384SOL,United Kingdom,2019,Haemophilus influenzae,Haemophilus influenzae,Hampshire
SEANFDS13171231,HINF13385SOL,United Kingdom,2019,Haemophilus influenzae,Haemophilus influenzae,Hampshire
SEANFDS13171232,HINF13386SOL,United Kingdom,2019,Haemophilus influenzae,Haemophilus influenzae,Hampshire
SEANFDS13171233,HINF13389SOL,United Kingdom,2019,Haemophilus influenzae,Haemophilus influenzae,Hampshire
SEANFDS13171234,HINF13395SOL,United Kingdom,2019,Haemophilus influenzae,Haemophilus influenzae,Hampshire
SEANFDS13171235,HINF13398SOL,United Kingdom,2019,Haemophilus influenzae,Haemophilus influenzae,Hampshire
SEANFDS13171236,HINF13406SOL,United Kingdom,2019,Haemophilus influenzae,Haemophilus influenzae,Hampshire
SEANFDS13171237,HINF13410SOL,United Kingdom,2019,Haemophilus influenzae,Haemophilus influenzae,Hampshire
SEANFDS13171238,HINF13411SOL,United Kingdom,2019,Haemophilus influenzae,Haemophilus influenzae,Hampshire
SEANFDS13171239,HINF13412SOL,United Kingdom,2019,Haemophilus influenzae,Haemophilus influenzae,Hampshire
SEANFDS13171240,HINF13414SOL,United Kingdom,2019,Haemophilus influenzae,Haemophilus influenzae,Hampshire
SEANFDS13171241,HINF13415SOL,United Kingdom,2019,Haemophilus influenzae,Haemophilus influenzae,Hampshire
SEANFDS13171242,HINF13418SOL,United Kingdom,2019,Haemophilus influenzae,Haemophilus influenzae,Hampshire
SEANFDS13171243,HINF13423SOL,United Kingdom,2019,Haemophilus influenzae,Haemophilus influenzae,Hampshire
SEANFDS13171244,HINF13427SOL,United Kingdom,2019,Haemophilus influenzae,Haemophilus influenzae,Hampshire
SEANFDS13171245,HINF13432SOL,United Kingdom,2019,Haemophilus influenzae,Haemophilus influenzae,Hampshire
SEANFDS13171246,HINF13435SOL,United Kingdom,2019,Haemophilus influenzae,Haemophilus influenzae,Hampshire
SEANFDS13171247,HINF13436SOL,United Kingdom,2019,Haemophilus influenzae,Haemophilus influenzae,Hampshire
SEANFDS13171248,HINF13444SOL,United Kingdom,2019,Haemophilus influenzae,Haemophilus influenzae,Hampshire
SEANFDS13171249,HINF13445SOL,United Kingdom,2019,Haemophilus influenzae,Haemophilus influenzae,Hampshire
SEANFDS13171250,HINF13448SOL,United Kingdom,2019,Haemophilus influenzae,Haemophilus influenzae,Hampshire
SEANFDS13171251,HINF13455SOL,United Kingdom,2019,Haemophilus influenzae,Haemophilus influenzae,Hampshire
SEANFDS13171252,HINF13458SOL,United Kingdom,2019,Haemophilus influenzae,Haemophilus influenzae,Hampshire
SEANFDS13171253,HINF14026SOL,United Kingdom,2020,Haemophilus influenzae,Haemophilus influenzae,Hampshire
SEANFDS13171255,HINF14044SOL,United Kingdom,2020,Haemophilus influenzae,Haemophilus influenzae,Hampshire
SEANFDS13171256,HINF14056SOL,United Kingdom,2020,Haemophilus influenzae,Haemophilus influenzae,Hampshire
SEANFDS13171257,HINF14058SOL,United Kingdom,2020,Haemophilus influenzae,Haemophilus influenzae,Hampshire
SEANFDS13171258,HINF14059SOL,United Kingdom,2020,Haemophilus influenzae,Haemophilus influenzae,Hampshire
SEANFDS13171259,HINF14065SOL,United Kingdom,2020,Haemophilus influenzae,Haemophilus influenzae,Hampshire
SEANFDS13171260,HINF14072SOL,United Kingdom,2020,Haemophilus influenzae,Haemophilus influenzae,Hampshire
SEANFDS13171261,HINF14073SOL,United Kingdom,2020,Haemophilus influenzae,Haemophilus influenzae,Hampshire
SEANFDS13171262,HINF14076SOL,United Kingdom,2020,Haemophilus influenzae,Haemophilus influenzae,Hampshire
SEANFDS13171263,HINF14084SOL,United Kingdom,2020,Haemophilus influenzae,Haemophilus influenzae,Hampshire
SEANFDS13171264,HINF14089SOL,United Kingdom,2020,Haemophilus influenzae,Haemophilus influenzae,Hampshire
SEANFDS13171265,HINF14093SOL,United Kingdom,2020,Haemophilus influenzae,Haemophilus influenzae,Hampshire
SEANFDS13171266,HINF14095SOL,United Kingdom,2020,Haemophilus influenzae,Haemophilus influenzae,Hampshire
SEANFDS13171267,HINF14101SOL,United Kingdom,2020,Haemophilus influenzae,Haemophilus influenzae,Hampshire
SEANFDS13171268,HINF14105SOL,United Kingdom,2020,Haemophilus influenzae,Haemophilus influenzae,Hampshire
SEANFDS13171269,HINF14111SOL,United Kingdom,2020,Haemophilus influenzae,Haemophilus influenzae,Hampshire
SEANFDS13171270,HINF14136SOL,United Kingdom,2020,Haemophilus influenzae,Haemophilus influenzae,Hampshire
SEANFDS13171271,HINF14146SOL,United Kingdom,2020,Haemophilus influenzae,Haemophilus influenzae,Hampshire
SEANFDS13171272,HINF14150SOL,United Kingdom,2020,Haemophilus influenzae,Haemophilus influenzae,Hampshire
SEANFDS13171273,HINF14152SOL,United Kingdom,2020,Haemophilus influenzae,Haemophilus influenzae,Hampshire
SEANFDS13171274,HINF14160SOL,United Kingdom,2020,Haemophilus influenzae,Haemophilus influenzae,Hampshire
SEANFDS13171275,HINF14163SOL,United Kingdom,2020,Haemophilus influenzae,Haemophilus influenzae,Hampshire
SEANFDS13171276,HINF14169SOL,United Kingdom,2020,Haemophilus influenzae,Haemophilus influenzae,Hampshire
SEANFDS13171277,HINF14175SOL,United Kingdom,2020,Haemophilus influenzae,Haemophilus influenzae,Hampshire
SEANFDS13171278,HINF14178SOL,United Kingdom,2020,Haemophilus influenzae,Haemophilus influenzae,Hampshire
SEANFDS13171279,HINF14184SOL,United Kingdom,2020,Haemophilus influenzae,Haemophilus influenzae,Hampshire
SEANFDS13171280,HINF14223SOL,United Kingdom,2020,Haemophilus influenzae,Haemophilus influenzae,Hampshire
SEANFDS13171281,HINF14225SOL,United Kingdom,2020,Haemophilus influenzae,Haemophilus influenzae,Hampshire
SEANFDS13171282,HINF14226SOL,United Kingdom,2020,Haemophilus influenzae,Haemophilus influenzae,Hampshire
SEANFDS13171283,HINF14230SOL,United Kingdom,2020,Haemophilus influenzae,Haemophilus influenzae,Hampshire
SEANFDS13171284,HINF14247SOL,United Kingdom,2020,Haemophilus influenzae,Haemophilus influenzae,Hampshire
SEANFDS13171285,HINF14251SOL,United Kingdom,2020,Haemophilus influenzae,Haemophilus influenzae,Hampshire
SEANFDS13171286,HINF14257SOL,United Kingdom,2020,Haemophilus influenzae,Haemophilus influenzae,Hampshire
SEANFDS13171287,HINF14258SOL,United Kingdom,2020,Haemophilus influenzae,Haemophilus influenzae,Hampshire
SEANFDS13171288,HINF14266SOL,United Kingdom,2020,Haemophilus influenzae,Haemophilus influenzae,Hampshire
SEANFDS13171289,HINF14271SOL,United Kingdom,2020,Haemophilus influenzae,Haemophilus influenzae,Hampshire
SEANFDS13171290,HINF14274SOL,United Kingdom,2020,Haemophilus influenzae,Haemophilus influenzae,Hampshire
SEANFDS13171291,HINF14276SOL,United Kingdom,2020,Haemophilus influenzae,Haemophilus influenzae,Hampshire
SEANFDS13171292,HINF14277SOL,United Kingdom,2020,Haemophilus influenzae,Haemophilus influenzae,Hampshire
SEANFDS13171293,HINF14279SOL,United Kingdom,2020,Haemophilus influenzae,Haemophilus influenzae,Hampshire
SEANFDS13171294,HINF14283SOL,United Kingdom,2020,Haemophilus influenzae,Haemophilus influenzae,Hampshire
SEANFDS13171295,HINF14284SOL,United Kingdom,2020,Haemophilus influenzae,Haemophilus influenzae,Hampshire
SEANFDS13171296,HINF14290SOL,United Kingdom,2020,Haemophilus influenzae,Haemophilus influenzae,Hampshire
SEANFDS13171297,HINF14292SOL,United Kingdom,2020,Haemophilus influenzae,Haemophilus influenzae,Hampshire
SEANFDS13171298,HINF14295SOL,United Kingdom,2020,Haemophilus influenzae,Haemophilus influenzae,Hampshire
SEANFDS13171299,HINF14296SOL,United Kingdom,2020,Haemophilus influenzae,Haemophilus influenzae,Hampshire
SEANFDS13171300,HINF14299SOL,United Kingdom,2020,Haemophilus influenzae,Haemophilus influenzae,Hampshire
SEANFDS13171301,HINF14303SOL,United Kingdom,2020,Haemophilus influenzae,Haemophilus influenzae,Hampshire
SEANFDS13171302,HINF14306SOL,United Kingdom,2020,Haemophilus influenzae,Haemophilus influenzae,Hampshire
SEANFDS13171303,HINF14307SOL,United Kingdom,2020,Haemophilus influenzae,Haemophilus influenzae,Hampshire
SEANFDS13171304,HINF14316SOL,United Kingdom,2020,Haemophilus influenzae,Haemophilus influenzae,Hampshire
SEANFDS13171305,HINF14320SOL,United Kingdom,2020,Haemophilus influenzae,Haemophilus influenzae,Hampshire
SEANFDS13171306,HINF14324SOL,United Kingdom,2020,Haemophilus influenzae,Haemophilus influenzae,Hampshire
SEANFDS13171307,HINF14326SOL,United Kingdom,2020,Haemophilus influenzae,Haemophilus influenzae,Hampshire
SEANFDS13171308,HINF14332SOL,United Kingdom,2020,Haemophilus influenzae,Haemophilus influenzae,Hampshire
SEANFDS13171309,HINF14334SOL,United Kingdom,2020,Haemophilus influenzae,Haemophilus influenzae,Hampshire
SEANFDS13171310,HINF14335SOL,United Kingdom,2020,Haemophilus influenzae,Haemophilus influenzae,Hampshire
SEANFDS13171311,HINF14343SOL,United Kingdom,2020,Haemophilus influenzae,Haemophilus influenzae,Hampshire
SEANFDS13171312,HINF14347SOL,United Kingdom,2020,Haemophilus influenzae,Haemophilus influenzae,Hampshire
SEANFDS13171313,HINF14354SOL,United Kingdom,2020,Haemophilus influenzae,Haemophilus influenzae,Hampshire
SEANFDS13171314,HINF14355SOL,United Kingdom,2020,Haemophilus influenzae,Haemophilus influenzae,Hampshire
SEANFDS13171315,HINF14367SOL,United Kingdom,2020,Haemophilus influenzae,Haemophilus influenzae,Hampshire
SEANFDS13171316,HINF14369SOL,United Kingdom,2020,Haemophilus influenzae,Haemophilus influenzae,Hampshire
SEANFDS13171317,HINF14371SOL,United Kingdom,2020,Haemophilus influenzae,Haemophilus influenzae,Hampshire
SEANFDS13171318,HINF14380SOL,United Kingdom,2020,Haemophilus influenzae,Haemophilus influenzae,Hampshire
SEANFDS13171319,HINF14381SOL,United Kingdom,2020,Haemophilus influenzae,Haemophilus influenzae,Hampshire
SEANFDS13171320,HINF14389SOL,United Kingdom,2020,Haemophilus influenzae,Haemophilus influenzae,Hampshire
SEANFDS13171321,HINF14390SOL,United Kingdom,2020,Haemophilus influenzae,Haemophilus influenzae,Hampshire
SEANFDS13171322,HINF14391SOL,United Kingdom,2020,Haemophilus influenzae,Haemophilus influenzae,Hampshire
SEANFDS13171323,HINF14399SOL,United Kingdom,2020,Haemophilus influenzae,Haemophilus influenzae,Hampshire
SEANFDS13171324,HINF14403SOL,United Kingdom,2020,Haemophilus influenzae,Haemophilus influenzae,Hampshire
SEANFDS13171325,HINF14405SOL,United Kingdom,2020,Haemophilus influenzae,Haemophilus influenzae,Hampshire
SEANFDS13171326,HINF14407SOL,United Kingdom,2020,Haemophilus influenzae,Haemophilus influenzae,Hampshire
SEANFDS13171327,HINF14423SOL,United Kingdom,2020,Haemophilus influenzae,Haemophilus influenzae,Hampshire
SEANFDS13171328,HINF14429SOL,United Kingdom,2020,Haemophilus influenzae,Haemophilus influenzae,Hampshire
SEANFDS13171329,HINF14431SOL,United Kingdom,2020,Haemophilus influenzae,Haemophilus influenzae,Hampshire
SEANFDS13171330,HINF14432SOL,United Kingdom,2020,Haemophilus influenzae,Haemophilus influenzae,Hampshire
SEANFDS13171331,HINF14435SOL,United Kingdom,2020,Haemophilus influenzae,Haemophilus influenzae,Hampshire
SEANFDS13171332,HINF14444SOL,United Kingdom,2020,Haemophilus influenzae,Haemophilus influenzae,Hampshire
SEANFDS13171333,HINF14446SOL,United Kingdom,2020,Haemophilus influenzae,Haemophilus influenzae,Hampshire
SEANFDS13171334,HINF14453SOL,United Kingdom,2020,Haemophilus influenzae,Haemophilus influenzae,Hampshire
SEANFDS13171335,HINF14456SOL,United Kingdom,2020,Haemophilus influenzae,Haemophilus influenzae,Hampshire
SEANFDS13171336,HINF14459SOL,United Kingdom,2020,Haemophilus influenzae,Haemophilus influenzae,Hampshire
SEANFDS13171337,HINF14467SOL,United Kingdom,2020,Haemophilus influenzae,Haemophilus influenzae,Hampshire
SEANFDS13171338,HINF14469SOL,United Kingdom,2020,Haemophilus influenzae,Haemophilus influenzae,Hampshire
SEANFDS13170391,MCAT13002SOL,United Kingdom,2019,Moraxella catarrhalis,Moraxella catarrhalis,Hampshire
SEANFDS13170392,MCAT13003SOL,United Kingdom,2019,Moraxella catarrhalis,Moraxella catarrhalis,Hampshire
SEANFDS13170393,MCAT13007SOL,United Kingdom,2019,Moraxella catarrhalis,Moraxella catarrhalis,Hampshire
SEANFDS13170394,MCAT13012SOL,United Kingdom,2019,Moraxella catarrhalis,Moraxella catarrhalis,Hampshire
SEANFDS13170395,MCAT13017SOL,United Kingdom,2019,Moraxella catarrhalis,Moraxella catarrhalis,Hampshire
SEANFDS13170396,MCAT13021SOL,United Kingdom,2019,Moraxella catarrhalis,Moraxella catarrhalis,Hampshire
SEANFDS13170397,MCAT13032SOL,United Kingdom,2019,Moraxella catarrhalis,Moraxella catarrhalis,Hampshire
SEANFDS13170398,MCAT13036SOL,United Kingdom,2019,Moraxella catarrhalis,Moraxella catarrhalis,Hampshire
SEANFDS13170399,MCAT13041SOL,United Kingdom,2019,Moraxella catarrhalis,Moraxella catarrhalis,Hampshire
SEANFDS13170400,MCAT13047SOL,United Kingdom,2019,Moraxella catarrhalis,Moraxella catarrhalis,Hampshire
SEANFDS13170401,MCAT13049SOL,United Kingdom,2019,Moraxella catarrhalis,Moraxella catarrhalis,Hampshire
SEANFDS13170402,MCAT13050SOL,United Kingdom,2019,Moraxella catarrhalis,Moraxella catarrhalis,Hampshire
SEANFDS13170403,MCAT13053SOL,United Kingdom,2019,Moraxella catarrhalis,Moraxella catarrhalis,Hampshire
SEANFDS13170404,MCAT13058SOL,United Kingdom,2019,Moraxella catarrhalis,Moraxella catarrhalis,Hampshire
SEANFDS13170405,MCAT13071SOL,United Kingdom,2019,Moraxella catarrhalis,Moraxella catarrhalis,Hampshire
SEANFDS13170406,MCAT13073SOL,United Kingdom,2019,Moraxella catarrhalis,Moraxella catarrhalis,Hampshire
SEANFDS13170407,MCAT13078SOL,United Kingdom,2019,Moraxella catarrhalis,Moraxella catarrhalis,Hampshire
SEANFDS13170408,MCAT13080SOL,United Kingdom,2019,Moraxella catarrhalis,Moraxella catarrhalis,Hampshire
SEANFDS13170409,MCAT13083SOL,United Kingdom,2019,Moraxella catarrhalis,Moraxella catarrhalis,Hampshire
SEANFDS13170410,MCAT13085SOL,United Kingdom,2019,Moraxella catarrhalis,Moraxella catarrhalis,Hampshire
SEANFDS13170411,MCAT13089SOL,United Kingdom,2019,Moraxella catarrhalis,Moraxella catarrhalis,Hampshire
SEANFDS13170412,MCAT13091SOL,United Kingdom,2019,Moraxella catarrhalis,Moraxella catarrhalis,Hampshire
SEANFDS13170413,MCAT13092SOL,United Kingdom,2019,Moraxella catarrhalis,Moraxella catarrhalis,Hampshire
SEANFDS13170414,MCAT13094SOL,United Kingdom,2019,Moraxella catarrhalis,Moraxella catarrhalis,Hampshire
SEANFDS13170415,MCAT13096SOL,United Kingdom,2019,Moraxella catarrhalis,Moraxella catarrhalis,Hampshire
SEANFDS13170416,MCAT13098SOL,United Kingdom,2019,Moraxella catarrhalis,Moraxella catarrhalis,Hampshire
SEANFDS13170417,MCAT13102SOL,United Kingdom,2019,Moraxella catarrhalis,Moraxella catarrhalis,Hampshire
SEANFDS13170418,MCAT13110SOL,United Kingdom,2019,Moraxella catarrhalis,Moraxella catarrhalis,Hampshire
SEANFDS13170419,MCAT13114SOL,United Kingdom,2019,Moraxella catarrhalis,Moraxella catarrhalis,Hampshire
SEANFDS13170420,MCAT13127SOL,United Kingdom,2019,Moraxella catarrhalis,Moraxella catarrhalis,Hampshire
SEANFDS13170421,MCAT13128SOL,United Kingdom,2019,Moraxella catarrhalis,Moraxella catarrhalis,Hampshire
SEANFDS13170422,MCAT13131SOL,United Kingdom,2019,Moraxella catarrhalis,Moraxella catarrhalis,Hampshire
SEANFDS13170423,MCAT13136SOL,United Kingdom,2019,Moraxella catarrhalis,Moraxella catarrhalis,Hampshire
SEANFDS13170424,MCAT13140SOL,United Kingdom,2019,Moraxella catarrhalis,Moraxella catarrhalis,Hampshire
SEANFDS13170425,MCAT13144SOL,United Kingdom,2019,Moraxella catarrhalis,Moraxella catarrhalis,Hampshire
SEANFDS13170426,MCAT13146SOL,United Kingdom,2019,Moraxella catarrhalis,Moraxella catarrhalis,Hampshire
SEANFDS13170427,MCAT13148SOL,United Kingdom,2019,Moraxella catarrhalis,Moraxella catarrhalis,Hampshire
SEANFDS13170428,MCAT13149SOL,United Kingdom,2019,Moraxella catarrhalis,Moraxella catarrhalis,Hampshire
SEANFDS13170429,MCAT13151SOL,United Kingdom,2019,Moraxella catarrhalis,Moraxella catarrhalis,Hampshire
SEANFDS13170430,MCAT13152SOL,United Kingdom,2019,Moraxella catarrhalis,Moraxella catarrhalis,Hampshire
SEANFDS13170431,MCAT13154SOL,United Kingdom,2019,Moraxella catarrhalis,Moraxella catarrhalis,Hampshire
SEANFDS13170432,MCAT13161SOL,United Kingdom,2019,Moraxella catarrhalis,Moraxella catarrhalis,Hampshire
SEANFDS13170433,MCAT13164SOL,United Kingdom,2019,Moraxella catarrhalis,Moraxella catarrhalis,Hampshire
SEANFDS13170434,MCAT13168SOL,United Kingdom,2019,Moraxella catarrhalis,Moraxella catarrhalis,Hampshire
SEANFDS13170435,MCAT13170SOL,United Kingdom,2019,Moraxella catarrhalis,Moraxella catarrhalis,Hampshire
SEANFDS13170436,MCAT13177SOL,United Kingdom,2019,Moraxella catarrhalis,Moraxella catarrhalis,Hampshire
SEANFDS13170437,MCAT13180SOL,United Kingdom,2019,Moraxella catarrhalis,Moraxella catarrhalis,Hampshire
SEANFDS13170438,MCAT13181SOL,United Kingdom,2019,Moraxella catarrhalis,Moraxella catarrhalis,Hampshire
SEANFDS13170439,MCAT13184SOL,United Kingdom,2019,Moraxella catarrhalis,Moraxella catarrhalis,Hampshire
SEANFDS13170440,MCAT13187SOL,United Kingdom,2019,Moraxella catarrhalis,Moraxella catarrhalis,Hampshire
SEANFDS13170441,MCAT13195SOL,United Kingdom,2019,Moraxella catarrhalis,Moraxella catarrhalis,Hampshire
SEANFDS13170442,MCAT13199SOL,United Kingdom,2019,Moraxella catarrhalis,Moraxella catarrhalis,Hampshire
SEANFDS13170443,MCAT13205SOL,United Kingdom,2019,Moraxella catarrhalis,Moraxella catarrhalis,Hampshire
SEANFDS13170444,MCAT13206SOL,United Kingdom,2019,Moraxella catarrhalis,Moraxella catarrhalis,Hampshire
SEANFDS13170445,MCAT13210SOL,United Kingdom,2019,Moraxella catarrhalis,Moraxella catarrhalis,Hampshire
SEANFDS13170446,MCAT13211SOL,United Kingdom,2019,Moraxella catarrhalis,Moraxella catarrhalis,Hampshire
SEANFDS13170447,MCAT13213SOL,United Kingdom,2019,Moraxella catarrhalis,Moraxella catarrhalis,Hampshire
SEANFDS13170448,MCAT13214SOL,United Kingdom,2019,Moraxella catarrhalis,Moraxella catarrhalis,Hampshire
SEANFDS13170449,MCAT13226SOL,United Kingdom,2019,Moraxella catarrhalis,Moraxella catarrhalis,Hampshire
SEANFDS13170450,MCAT13228SOL,United Kingdom,2019,Moraxella catarrhalis,Moraxella catarrhalis,Hampshire
SEANFDS13170451,MCAT13231SOL,United Kingdom,2019,Moraxella catarrhalis,Moraxella catarrhalis,Hampshire
SEANFDS13170452,MCAT13232SOL,United Kingdom,2019,Moraxella catarrhalis,Moraxella catarrhalis,Hampshire
SEANFDS13170453,MCAT13237SOL,United Kingdom,2019,Moraxella catarrhalis,Moraxella catarrhalis,Hampshire
SEANFDS13170454,MCAT13244SOL,United Kingdom,2019,Moraxella catarrhalis,Moraxella catarrhalis,Hampshire
SEANFDS13170455,MCAT13247SOL,United Kingdom,2019,Moraxella catarrhalis,Moraxella catarrhalis,Hampshire
SEANFDS13170456,MCAT13254SOL,United Kingdom,2019,Moraxella catarrhalis,Moraxella catarrhalis,Hampshire
SEANFDS13170457,MCAT13255SOL,United Kingdom,2019,Moraxella catarrhalis,Moraxella catarrhalis,Hampshire
SEANFDS13170458,MCAT13257SOL,United Kingdom,2019,Moraxella catarrhalis,Moraxella catarrhalis,Hampshire
SEANFDS13170459,MCAT13260SOL,United Kingdom,2019,Moraxella catarrhalis,Moraxella catarrhalis,Hampshire
SEANFDS13170460,MCAT13263SOL,United Kingdom,2019,Moraxella catarrhalis,Moraxella catarrhalis,Hampshire
SEANFDS13170461,MCAT13266SOL,United Kingdom,2019,Moraxella catarrhalis,Moraxella catarrhalis,Hampshire
SEANFDS13170462,MCAT13271SOL,United Kingdom,2019,Moraxella catarrhalis,Moraxella catarrhalis,Hampshire
SEANFDS13170463,MCAT13274SOL,United Kingdom,2019,Moraxella catarrhalis,Moraxella catarrhalis,Hampshire
SEANFDS13170464,MCAT13277SOL,United Kingdom,2019,Moraxella catarrhalis,Moraxella catarrhalis,Hampshire
SEANFDS13170465,MCAT13278SOL,United Kingdom,2019,Moraxella catarrhalis,Moraxella catarrhalis,Hampshire
SEANFDS13170466,MCAT13281SOL,United Kingdom,2019,Moraxella catarrhalis,Moraxella catarrhalis,Hampshire
SEANFDS13170467,MCAT13282SOL,United Kingdom,2019,Moraxella catarrhalis,Moraxella catarrhalis,Hampshire
SEANFDS13170468,MCAT13285SOL,United Kingdom,2019,Moraxella catarrhalis,Moraxella catarrhalis,Hampshire
SEANFDS13170469,MCAT13286SOL,United Kingdom,2019,Moraxella catarrhalis,Moraxella catarrhalis,Hampshire
SEANFDS13170470,MCAT13288SOL,United Kingdom,2019,Moraxella catarrhalis,Moraxella catarrhalis,Hampshire
SEANFDS13170471,MCAT13289SOL,United Kingdom,2019,Moraxella catarrhalis,Moraxella catarrhalis,Hampshire
SEANFDS13170472,MCAT13300SOL,United Kingdom,2019,Moraxella catarrhalis,Moraxella catarrhalis,Hampshire
SEANFDS13170473,MCAT13307SOL,United Kingdom,2019,Moraxella catarrhalis,Moraxella catarrhalis,Hampshire
SEANFDS13170474,MCAT13308SOL,United Kingdom,2019,Moraxella catarrhalis,Moraxella catarrhalis,Hampshire
SEANFDS13170475,MCAT13313SOL,United Kingdom,2019,Moraxella catarrhalis,Moraxella catarrhalis,Hampshire
SEANFDS13170476,MCAT13321SOL,United Kingdom,2019,Moraxella catarrhalis,Moraxella catarrhalis,Hampshire
SEANFDS13170477,MCAT13325SOL,United Kingdom,2019,Moraxella catarrhalis,Moraxella catarrhalis,Hampshire
SEANFDS13170478,MCAT13332SOL,United Kingdom,2019,Moraxella catarrhalis,Moraxella catarrhalis,Hampshire
SEANFDS13170479,MCAT13333SOL,United Kingdom,2019,Moraxella catarrhalis,Moraxella catarrhalis,Hampshire
SEANFDS13170480,MCAT13335SOL,United Kingdom,2019,Moraxella catarrhalis,Moraxella catarrhalis,Hampshire
SEANFDS13170481,MCAT13343SOL,United Kingdom,2019,Moraxella catarrhalis,Moraxella catarrhalis,Hampshire
SEANFDS13170482,MCAT13346SOL,United Kingdom,2019,Moraxella catarrhalis,Moraxella catarrhalis,Hampshire
SEANFDS13170483,MCAT13351SOL,United Kingdom,2019,Moraxella catarrhalis,Moraxella catarrhalis,Hampshire
SEANFDS13170484,MCAT13355SOL,United Kingdom,2019,Moraxella catarrhalis,Moraxella catarrhalis,Hampshire
SEANFDS13170485,MCAT13357SOL,United Kingdom,2019,Moraxella catarrhalis,Moraxella catarrhalis,Hampshire
SEANFDS13170487,MCAT13358SOL,United Kingdom,2019,Moraxella catarrhalis,Moraxella catarrhalis,Hampshire
SEANFDS13170488,MCAT13372SOL,United Kingdom,2019,Moraxella catarrhalis,Moraxella catarrhalis,Hampshire
SEANFDS13170489,MCAT13373SOL,United Kingdom,2019,Moraxella catarrhalis,Moraxella catarrhalis,Hampshire
SEANFDS13170490,MCAT13375SOL,United Kingdom,2019,Moraxella catarrhalis,Moraxella catarrhalis,Hampshire
SEANFDS13170491,MCAT13381SOL,United Kingdom,2019,Moraxella catarrhalis,Moraxella catarrhalis,Hampshire
SEANFDS13170492,MCAT13385SOL,United Kingdom,2019,Moraxella catarrhalis,Moraxella catarrhalis,Hampshire
SEANFDS13170493,MCAT13389SOL,United Kingdom,2019,Moraxella catarrhalis,Moraxella catarrhalis,Hampshire
SEANFDS13170494,MCAT13392SOL,United Kingdom,2019,Moraxella catarrhalis,Moraxella catarrhalis,Hampshire
SEANFDS13170495,MCAT13398SOL,United Kingdom,2019,Moraxella catarrhalis,Moraxella catarrhalis,Hampshire
SEANFDS13170496,MCAT13405SOL,United Kingdom,2019,Moraxella catarrhalis,Moraxella catarrhalis,Hampshire
SEANFDS13170497,MCAT13407SOL,United Kingdom,2019,Moraxella catarrhalis,Moraxella catarrhalis,Hampshire
SEANFDS13170498,MCAT13413SOL,United Kingdom,2019,Moraxella catarrhalis,Moraxella catarrhalis,Hampshire
SEANFDS13170499,MCAT13416SOL,United Kingdom,2019,Moraxella catarrhalis,Moraxella catarrhalis,Hampshire
SEANFDS13170500,MCAT13421SOL,United Kingdom,2019,Moraxella catarrhalis,Moraxella catarrhalis,Hampshire
SEANFDS13170501,MCAT13422SOL,United Kingdom,2019,Moraxella catarrhalis,Moraxella catarrhalis,Hampshire
SEANFDS13170502,MCAT13423SOL,United Kingdom,2019,Moraxella catarrhalis,Moraxella catarrhalis,Hampshire
SEANFDS13170503,MCAT13425SOL,United Kingdom,2019,Moraxella catarrhalis,Moraxella catarrhalis,Hampshire
SEANFDS13170504,MCAT13426SOL,United Kingdom,2019,Moraxella catarrhalis,Moraxella catarrhalis,Hampshire
SEANFDS13170505,MCAT13427SOL,United Kingdom,2019,Moraxella catarrhalis,Moraxella catarrhalis,Hampshire
SEANFDS13170506,MCAT13428SOL,United Kingdom,2019,Moraxella catarrhalis,Moraxella catarrhalis,Hampshire
SEANFDS13170507,MCAT13431SOL,United Kingdom,2019,Moraxella catarrhalis,Moraxella catarrhalis,Hampshire
SEANFDS13170508,MCAT13433SOL,United Kingdom,2019,Moraxella catarrhalis,Moraxella catarrhalis,Hampshire
SEANFDS13170509,MCAT13434SOL,United Kingdom,2019,Moraxella catarrhalis,Moraxella catarrhalis,Hampshire
SEANFDS13170510,MCAT13437SOL,United Kingdom,2019,Moraxella catarrhalis,Moraxella catarrhalis,Hampshire
SEANFDS13170511,MCAT13438SOL,United Kingdom,2019,Moraxella catarrhalis,Moraxella catarrhalis,Hampshire
SEANFDS13170512,MCAT13442SOL,United Kingdom,2019,Moraxella catarrhalis,Moraxella catarrhalis,Hampshire
SEANFDS13170513,MCAT13448SOL,United Kingdom,2019,Moraxella catarrhalis,Moraxella catarrhalis,Hampshire
SEANFDS13170514,MCAT13454SOL,United Kingdom,2019,Moraxella catarrhalis,Moraxella catarrhalis,Hampshire
SEANFDS13170515,MCAT13455SOL,United Kingdom,2019,Moraxella catarrhalis,Moraxella catarrhalis,Hampshire
SEANFDS13170516,MCAT13458SOL,United Kingdom,2019,Moraxella catarrhalis,Moraxella catarrhalis,Hampshire
SEANFDS13170517,MCAT14003SOL,United Kingdom,2020,Moraxella catarrhalis,Moraxella catarrhalis,Hampshire
SEANFDS13170518,MCAT14007SOL,United Kingdom,2020,Moraxella catarrhalis,Moraxella catarrhalis,Hampshire
SEANFDS13170519,MCAT14015SOL,United Kingdom,2020,Moraxella catarrhalis,Moraxella catarrhalis,Hampshire
SEANFDS13170520,MCAT14021SOL,United Kingdom,2020,Moraxella catarrhalis,Moraxella catarrhalis,Hampshire
SEANFDS13170521,MCAT14029SOL,United Kingdom,2020,Moraxella catarrhalis,Moraxella catarrhalis,Hampshire
SEANFDS13170522,MCAT14032SOL,United Kingdom,2020,Moraxella catarrhalis,Moraxella catarrhalis,Hampshire
SEANFDS13170523,MCAT14037SOL,United Kingdom,2020,Moraxella catarrhalis,Moraxella catarrhalis,Hampshire
SEANFDS13170524,MCAT14044SOL,United Kingdom,2020,Moraxella catarrhalis,Moraxella catarrhalis,Hampshire
SEANFDS13170525,MCAT14051SOL,United Kingdom,2020,Moraxella catarrhalis,Moraxella catarrhalis,Hampshire
SEANFDS13170526,MCAT14054SOL,United Kingdom,2020,Moraxella catarrhalis,Moraxella catarrhalis,Hampshire
SEANFDS13170527,MCAT14063SOL,United Kingdom,2020,Moraxella catarrhalis,Moraxella catarrhalis,Hampshire
SEANFDS13170528,MCAT14067SOL,United Kingdom,2020,Moraxella catarrhalis,Moraxella catarrhalis,Hampshire
SEANFDS13170529,MCAT14075SOL,United Kingdom,2020,Moraxella catarrhalis,Moraxella catarrhalis,Hampshire
SEANFDS13170530,MCAT14082SOL,United Kingdom,2020,Moraxella catarrhalis,Moraxella catarrhalis,Hampshire
SEANFDS13170531,MCAT14084SOL,United Kingdom,2020,Moraxella catarrhalis,Moraxella catarrhalis,Hampshire
SEANFDS13170532,MCAT14085SOL,United Kingdom,2020,Moraxella catarrhalis,Moraxella catarrhalis,Hampshire
SEANFDS13170533,MCAT14093SOL,United Kingdom,2020,Moraxella catarrhalis,Moraxella catarrhalis,Hampshire
SEANFDS13170534,MCAT14094SOL,United Kingdom,2020,Moraxella catarrhalis,Moraxella catarrhalis,Hampshire
SEANFDS13170535,MCAT14100SOL,United Kingdom,2020,Moraxella catarrhalis,Moraxella catarrhalis,Hampshire
SEANFDS13170536,MCAT14101SOL,United Kingdom,2020,Moraxella catarrhalis,Moraxella catarrhalis,Hampshire
SEANFDS13170537,MCAT14115SOL,United Kingdom,2020,Moraxella catarrhalis,Moraxella catarrhalis,Hampshire
SEANFDS13170538,MCAT14123SOL,United Kingdom,2020,Moraxella catarrhalis,Moraxella catarrhalis,Hampshire
SEANFDS13170539,MCAT14129SOL,United Kingdom,2020,Moraxella catarrhalis,Moraxella catarrhalis,Hampshire
SEANFDS13170540,MCAT14133SOL,United Kingdom,2020,Moraxella catarrhalis,Moraxella catarrhalis,Hampshire
SEANFDS13170541,MCAT14140SOL,United Kingdom,2020,Moraxella catarrhalis,Moraxella catarrhalis,Hampshire
SEANFDS13170542,MCAT14145SOL,United Kingdom,2020,Moraxella catarrhalis,Moraxella catarrhalis,Hampshire
SEANFDS13170543,MCAT14146SOL,United Kingdom,2020,Moraxella catarrhalis,Moraxella catarrhalis,Hampshire
SEANFDS13170544,MCAT14152SOL,United Kingdom,2020,Moraxella catarrhalis,Moraxella catarrhalis,Hampshire
SEANFDS13170545,MCAT14153SOL,United Kingdom,2020,Moraxella catarrhalis,Moraxella catarrhalis,Hampshire
SEANFDS13170546,MCAT14154SOL,United Kingdom,2020,Moraxella catarrhalis,Moraxella catarrhalis,Hampshire
SEANFDS13170547,MCAT14157SOL,United Kingdom,2020,Moraxella catarrhalis,Moraxella catarrhalis,Hampshire
SEANFDS13170548,MCAT14158SOL,United Kingdom,2020,Moraxella catarrhalis,Moraxella catarrhalis,Hampshire
SEANFDS13170549,MCAT14161SOL,United Kingdom,2020,Moraxella catarrhalis,Moraxella catarrhalis,Hampshire
SEANFDS13170550,MCAT14162SOL,United Kingdom,2020,Moraxella catarrhalis,Moraxella catarrhalis,Hampshire
SEANFDS13170551,MCAT14164SOL,United Kingdom,2020,Moraxella catarrhalis,Moraxella catarrhalis,Hampshire
SEANFDS13170552,MCAT14169SOL,United Kingdom,2020,Moraxella catarrhalis,Moraxella catarrhalis,Hampshire
SEANFDS13170553,MCAT14170SOL,United Kingdom,2020,Moraxella catarrhalis,Moraxella catarrhalis,Hampshire
SEANFDS13170554,MCAT14171SOL,United Kingdom,2020,Moraxella catarrhalis,Moraxella catarrhalis,Hampshire
SEANFDS13170555,MCAT14175SOL,United Kingdom,2020,Moraxella catarrhalis,Moraxella catarrhalis,Hampshire
SEANFDS13170556,MCAT14179SOL,United Kingdom,2020,Moraxella catarrhalis,Moraxella catarrhalis,Hampshire
SEANFDS13170557,MCAT14180SOL,United Kingdom,2020,Moraxella catarrhalis,Moraxella catarrhalis,Hampshire
SEANFDS13170558,MCAT14182SOL,United Kingdom,2020,Moraxella catarrhalis,Moraxella catarrhalis,Hampshire
SEANFDS13170559,MCAT14190SOL,United Kingdom,2020,Moraxella catarrhalis,Moraxella catarrhalis,Hampshire
SEANFDS13170560,MCAT14192SOL,United Kingdom,2020,Moraxella catarrhalis,Moraxella catarrhalis,Hampshire
SEANFDS13170561,MCAT14196SOL,United Kingdom,2020,Moraxella catarrhalis,Moraxella catarrhalis,Hampshire
SEANFDS13170562,MCAT14198SOL,United Kingdom,2020,Moraxella catarrhalis,Moraxella catarrhalis,Hampshire
SEANFDS13170563,MCAT14201SOL,United Kingdom,2020,Moraxella catarrhalis,Moraxella catarrhalis,Hampshire
SEANFDS13170564,MCAT14205SOL,United Kingdom,2020,Moraxella catarrhalis,Moraxella catarrhalis,Hampshire
SEANFDS13170565,MCAT14216SOL,United Kingdom,2020,Moraxella catarrhalis,Moraxella catarrhalis,Hampshire
SEANFDS13170566,MCAT14217SOL,United Kingdom,2020,Moraxella catarrhalis,Moraxella catarrhalis,Hampshire
SEANFDS13170567,MCAT14221SOL,United Kingdom,2020,Moraxella catarrhalis,Moraxella catarrhalis,Hampshire
SEANFDS13170568,MCAT14225SOL,United Kingdom,2020,Moraxella catarrhalis,Moraxella catarrhalis,Hampshire
SEANFDS13170569,MCAT14226SOL,United Kingdom,2020,Moraxella catarrhalis,Moraxella catarrhalis,Hampshire
SEANFDS13170570,MCAT14230SOL,United Kingdom,2020,Moraxella catarrhalis,Moraxella catarrhalis,Hampshire
SEANFDS13170571,MCAT14237SOL,United Kingdom,2020,Moraxella catarrhalis,Moraxella catarrhalis,Hampshire
SEANFDS13170572,MCAT14239SOL,United Kingdom,2020,Moraxella catarrhalis,Moraxella catarrhalis,Hampshire
SEANFDS13170573,MCAT14240SOL,United Kingdom,2020,Moraxella catarrhalis,Moraxella catarrhalis,Hampshire
SEANFDS13170574,MCAT14243SOL,United Kingdom,2020,Moraxella catarrhalis,Moraxella catarrhalis,Hampshire
SEANFDS13170575,MCAT14246SOL,United Kingdom,2020,Moraxella catarrhalis,Moraxella catarrhalis,Hampshire
SEANFDS13170576,MCAT14251SOL,United Kingdom,2020,Moraxella catarrhalis,Moraxella catarrhalis,Hampshire
SEANFDS13170577,MCAT14254SOL,United Kingdom,2020,Moraxella catarrhalis,Moraxella catarrhalis,Hampshire
SEANFDS13170578,MCAT14258SOL,United Kingdom,2020,Moraxella catarrhalis,Moraxella catarrhalis,Hampshire
SEANFDS13170579,MCAT14264SOL,United Kingdom,2020,Moraxella catarrhalis,Moraxella catarrhalis,Hampshire
SEANFDS13170580,MCAT14267SOL,United Kingdom,2020,Moraxella catarrhalis,Moraxella catarrhalis,Hampshire
SEANFDS13170581,MCAT14270SOL,United Kingdom,2020,Moraxella catarrhalis,Moraxella catarrhalis,Hampshire
SEANFDS13170583,MCAT14271SOL,United Kingdom,2020,Moraxella catarrhalis,Moraxella catarrhalis,Hampshire
SEANFDS13170584,MCAT14273SOL,United Kingdom,2020,Moraxella catarrhalis,Moraxella catarrhalis,Hampshire
SEANFDS13170585,MCAT14278SOL,United Kingdom,2020,Moraxella catarrhalis,Moraxella catarrhalis,Hampshire
SEANFDS13170586,MCAT14279SOL,United Kingdom,2020,Moraxella catarrhalis,Moraxella catarrhalis,Hampshire
SEANFDS13170587,MCAT14291SOL,United Kingdom,2020,Moraxella catarrhalis,Moraxella catarrhalis,Hampshire
SEANFDS13170588,MCAT14293SOL,United Kingdom,2020,Moraxella catarrhalis,Moraxella catarrhalis,Hampshire
SEANFDS13170589,MCAT14296SOL,United Kingdom,2020,Moraxella catarrhalis,Moraxella catarrhalis,Hampshire
SEANFDS13170590,MCAT14302SOL,United Kingdom,2020,Moraxella catarrhalis,Moraxella catarrhalis,Hampshire
SEANFDS13170591,MCAT14303SOL,United Kingdom,2020,Moraxella catarrhalis,Moraxella catarrhalis,Hampshire
SEANFDS13170592,MCAT14306SOL,United Kingdom,2020,Moraxella catarrhalis,Moraxella catarrhalis,Hampshire
SEANFDS13170593,MCAT14309SOL,United Kingdom,2020,Moraxella catarrhalis,Moraxella catarrhalis,Hampshire
SEANFDS13170594,MCAT14312SOL,United Kingdom,2020,Moraxella catarrhalis,Moraxella catarrhalis,Hampshire
SEANFDS13170595,MCAT14316SOL,United Kingdom,2020,Moraxella catarrhalis,Moraxella catarrhalis,Hampshire
SEANFDS13170596,MCAT14317SOL,United Kingdom,2020,Moraxella catarrhalis,Moraxella catarrhalis,Hampshire
SEANFDS13170597,MCAT14324SOL,United Kingdom,2020,Moraxella catarrhalis,Moraxella catarrhalis,Hampshire
SEANFDS13170598,MCAT14326SOL,United Kingdom,2020,Moraxella catarrhalis,Moraxella catarrhalis,Hampshire
SEANFDS13170599,MCAT14337SOL,United Kingdom,2020,Moraxella catarrhalis,Moraxella catarrhalis,Hampshire
SEANFDS13170600,MCAT14339SOL,United Kingdom,2020,Moraxella catarrhalis,Moraxella catarrhalis,Hampshire
SEANFDS13170601,MCAT14343SOL,United Kingdom,2020,Moraxella catarrhalis,Moraxella catarrhalis,Hampshire
SEANFDS13170602,MCAT14348SOL,United Kingdom,2020,Moraxella catarrhalis,Moraxella catarrhalis,Hampshire
SEANFDS13170603,MCAT14349SOL,United Kingdom,2020,Moraxella catarrhalis,Moraxella catarrhalis,Hampshire
SEANFDS13170604,MCAT14359SOL,United Kingdom,2020,Moraxella catarrhalis,Moraxella catarrhalis,Hampshire
SEANFDS13170605,MCAT14360SOL,United Kingdom,2020,Moraxella catarrhalis,Moraxella catarrhalis,Hampshire
SEANFDS13170606,MCAT14362SOL,United Kingdom,2020,Moraxella catarrhalis,Moraxella catarrhalis,Hampshire
SEANFDS13170607,MCAT14363SOL,United Kingdom,2020,Moraxella catarrhalis,Moraxella catarrhalis,Hampshire
SEANFDS13170608,MCAT14364SOL,United Kingdom,2020,Moraxella catarrhalis,Moraxella catarrhalis,Hampshire
SEANFDS13170609,MCAT14365SOL,United Kingdom,2020,Moraxella catarrhalis,Moraxella catarrhalis,Hampshire
SEANFDS13170610,MCAT14366SOL,United Kingdom,2020,Moraxella catarrhalis,Moraxella catarrhalis,Hampshire
SEANFDS13170611,MCAT14367SOL,United Kingdom,2020,Moraxella catarrhalis,Moraxella catarrhalis,Hampshire
SEANFDS13170612,MCAT14369SOL,United Kingdom,2020,Moraxella catarrhalis,Moraxella catarrhalis,Hampshire
SEANFDS13170613,MCAT14375SOL,United Kingdom,2020,Moraxella catarrhalis,Moraxella catarrhalis,Hampshire
SEANFDS13170614,MCAT14377SOL,United Kingdom,2020,Moraxella catarrhalis,Moraxella catarrhalis,Hampshire
SEANFDS13170615,MCAT14378SOL,United Kingdom,2020,Moraxella catarrhalis,Moraxella catarrhalis,Hampshire
SEANFDS13170616,MCAT14382SOL,United Kingdom,2020,Moraxella catarrhalis,Moraxella catarrhalis,Hampshire
SEANFDS13170617,MCAT14384SOL,United Kingdom,2020,Moraxella catarrhalis,Moraxella catarrhalis,Hampshire
SEANFDS13170618,MCAT14387SOL,United Kingdom,2020,Moraxella catarrhalis,Moraxella catarrhalis,Hampshire
SEANFDS13170619,MCAT14390SOL,United Kingdom,2020,Moraxella catarrhalis,Moraxella catarrhalis,Hampshire
SEANFDS13170620,MCAT14391SOL,United Kingdom,2020,Moraxella catarrhalis,Moraxella catarrhalis,Hampshire
SEANFDS13170621,MCAT14392SOL,United Kingdom,2020,Moraxella catarrhalis,Moraxella catarrhalis,Hampshire
SEANFDS13170622,MCAT14394SOL,United Kingdom,2020,Moraxella catarrhalis,Moraxella catarrhalis,Hampshire
SEANFDS13170623,MCAT14396SOL,United Kingdom,2020,Moraxella catarrhalis,Moraxella catarrhalis,Hampshire
SEANFDS13170624,MCAT14398SOL,United Kingdom,2020,Moraxella catarrhalis,Moraxella catarrhalis,Hampshire
SEANFDS13170625,MCAT14404SOL,United Kingdom,2020,Moraxella catarrhalis,Moraxella catarrhalis,Hampshire
SEANFDS13170626,MCAT14405SOL,United Kingdom,2020,Moraxella catarrhalis,Moraxella catarrhalis,Hampshire
SEANFDS13170627,MCAT14410SOL,United Kingdom,2020,Moraxella catarrhalis,Moraxella catarrhalis,Hampshire
SEANFDS13170628,MCAT14412SOL,United Kingdom,2020,Moraxella catarrhalis,Moraxella catarrhalis,Hampshire
SEANFDS13170629,MCAT14418SOL,United Kingdom,2020,Moraxella catarrhalis,Moraxella catarrhalis,Hampshire
SEANFDS13170630,MCAT14426SOL,United Kingdom,2020,Moraxella catarrhalis,Moraxella catarrhalis,Hampshire
SEANFDS13170631,MCAT14433SOL,United Kingdom,2020,Moraxella catarrhalis,Moraxella catarrhalis,Hampshire
SEANFDS13170632,MCAT14442SOL,United Kingdom,2020,Moraxella catarrhalis,Moraxella catarrhalis,Hampshire
SEANFDS13170633,MCAT14445SOL,United Kingdom,2020,Moraxella catarrhalis,Moraxella catarrhalis,Hampshire
SEANFDS13170634,MCAT14449SOL,United Kingdom,2020,Moraxella catarrhalis,Moraxella catarrhalis,Hampshire
SEANFDS13170635,MCAT14452SOL,United Kingdom,2020,Moraxella catarrhalis,Moraxella catarrhalis,Hampshire
SEANFDS13170636,MCAT14454SOL,United Kingdom,2020,Moraxella catarrhalis,Moraxella catarrhalis,Hampshire
SEANFDS13170637,MCAT14459SOL,United Kingdom,2020,Moraxella catarrhalis,Moraxella catarrhalis,Hampshire
SEANFDS13170638,MCAT14461SOL,United Kingdom,2020,Moraxella catarrhalis,Moraxella catarrhalis,Hampshire
SEANFDS13170639,MCAT14462SOL,United Kingdom,2020,Moraxella catarrhalis,Moraxella catarrhalis,Hampshire
SEANFDS13170640,MCAT14465SOL,United Kingdom,2020,Moraxella catarrhalis,Moraxella catarrhalis,Hampshire
SEANFDS13170641,MCAT14466SOL,United Kingdom,2020,Moraxella catarrhalis,Moraxella catarrhalis,Hampshire
SEANFDS13170642,MCAT14467SOL,United Kingdom,2020,Moraxella catarrhalis,Moraxella catarrhalis,Hampshire
SEANFDS13170643,MCAT14468SOL,United Kingdom,2020,Moraxella catarrhalis,Moraxella catarrhalis,Hampshire
SEANFDS13170679,MCAT3001UHS,United Kingdom,2009,Moraxella catarrhalis,Moraxella catarrhalis,Hampshire
SEANFDS13170680,MCAT3006UHS,United Kingdom,2009,Moraxella catarrhalis,Moraxella catarrhalis,Hampshire
SEANFDS13170681,MCAT3010UHS,United Kingdom,2009,Moraxella catarrhalis,Moraxella catarrhalis,Hampshire
SEANFDS13170682,MCAT3015UHS,United Kingdom,2009,Moraxella catarrhalis,Moraxella catarrhalis,Hampshire
SEANFDS13170683,MCAT3020UHS,United Kingdom,2009,Moraxella catarrhalis,Moraxella catarrhalis,Hampshire
SEANFDS13170684,MCAT3022UHS,United Kingdom,2009,Moraxella catarrhalis,Moraxella catarrhalis,Hampshire
SEANFDS13170685,MCAT3032UHS,United Kingdom,2009,Moraxella catarrhalis,Moraxella catarrhalis,Hampshire
SEANFDS13170686,MCAT3033UHS,United Kingdom,2009,Moraxella catarrhalis,Moraxella catarrhalis,Hampshire
SEANFDS13170687,MCAT3037UHS,United Kingdom,2009,Moraxella catarrhalis,Moraxella catarrhalis,Hampshire
SEANFDS13170688,MCAT3040UHS,United Kingdom,2009,Moraxella catarrhalis,Moraxella catarrhalis,Hampshire
SEANFDS13170689,MCAT3047UHS,United Kingdom,2009,Moraxella catarrhalis,Moraxella catarrhalis,Hampshire
SEANFDS13170690,MCAT3050UHS,United Kingdom,2009,Moraxella catarrhalis,Moraxella catarrhalis,Hampshire
SEANFDS13170691,MCAT3055UHS,United Kingdom,2009,Moraxella catarrhalis,Moraxella catarrhalis,Hampshire
SEANFDS13170692,MCAT3056UHS,United Kingdom,2009,Moraxella catarrhalis,Moraxella catarrhalis,Hampshire
SEANFDS13170693,MCAT3058UHS,United Kingdom,2009,Moraxella catarrhalis,Moraxella catarrhalis,Hampshire
SEANFDS13170694,MCAT3059UHS,United Kingdom,2009,Moraxella catarrhalis,Moraxella catarrhalis,Hampshire
SEANFDS13170695,MCAT3065UHS,United Kingdom,2009,Moraxella catarrhalis,Moraxella catarrhalis,Hampshire
SEANFDS13170696,MCAT3067UHS,United Kingdom,2009,Moraxella catarrhalis,Moraxella catarrhalis,Hampshire
SEANFDS13170697,MCAT3068UHS,United Kingdom,2009,Moraxella catarrhalis,Moraxella catarrhalis,Hampshire
SEANFDS13170698,MCAT3072UHS,United Kingdom,2009,Moraxella catarrhalis,Moraxella catarrhalis,Hampshire
SEANFDS13170699,MCAT3076UHS,United Kingdom,2009,Moraxella catarrhalis,Moraxella catarrhalis,Hampshire
SEANFDS13170700,MCAT3079UHS,United Kingdom,2009,Moraxella catarrhalis,Moraxella catarrhalis,Hampshire
SEANFDS13170701,MCAT3081UHS,United Kingdom,2009,Moraxella catarrhalis,Moraxella catarrhalis,Hampshire
SEANFDS13170702,MCAT3086UHS,United Kingdom,2009,Moraxella catarrhalis,Moraxella catarrhalis,Hampshire
SEANFDS13170703,MCAT3093UHS,United Kingdom,2009,Moraxella catarrhalis,Moraxella catarrhalis,Hampshire
SEANFDS13170704,MCAT3095UHS,United Kingdom,2009,Moraxella catarrhalis,Moraxella catarrhalis,Hampshire
SEANFDS13170705,MCAT3098UHS,United Kingdom,2009,Moraxella catarrhalis,Moraxella catarrhalis,Hampshire
SEANFDS13170706,MCAT3107UHS,United Kingdom,2009,Moraxella catarrhalis,Moraxella catarrhalis,Hampshire
SEANFDS13170707,MCAT3110UHS,United Kingdom,2009,Moraxella catarrhalis,Moraxella catarrhalis,Hampshire
SEANFDS13170708,MCAT3111UHS,United Kingdom,2009,Moraxella catarrhalis,Moraxella catarrhalis,Hampshire
SEANFDS13170709,MCAT3117UHS,United Kingdom,2009,Moraxella catarrhalis,Moraxella catarrhalis,Hampshire
SEANFDS13170710,MCAT3126UHS,United Kingdom,2009,Moraxella catarrhalis,Moraxella catarrhalis,Hampshire
SEANFDS13170711,MCAT3131UHS,United Kingdom,2009,Moraxella catarrhalis,Moraxella catarrhalis,Hampshire
SEANFDS13170712,MCAT3151UHS,United Kingdom,2009,Moraxella catarrhalis,Moraxella catarrhalis,Hampshire
SEANFDS13170713,MCAT3155UHS,United Kingdom,2009,Moraxella catarrhalis,Moraxella catarrhalis,Hampshire
SEANFDS13170714,MCAT3156UHS,United Kingdom,2009,Moraxella catarrhalis,Moraxella catarrhalis,Hampshire
SEANFDS13170715,MCAT3164UHS,United Kingdom,2009,Moraxella catarrhalis,Moraxella catarrhalis,Hampshire
SEANFDS13170716,MCAT3165UHS,United Kingdom,2009,Moraxella catarrhalis,Moraxella catarrhalis,Hampshire
SEANFDS13170717,MCAT3171UHS,United Kingdom,2009,Moraxella catarrhalis,Moraxella catarrhalis,Hampshire
SEANFDS13170718,MCAT3174UHS,United Kingdom,2009,Moraxella catarrhalis,Moraxella catarrhalis,Hampshire
SEANFDS13170719,MCAT3176UHS,United Kingdom,2009,Moraxella catarrhalis,Moraxella catarrhalis,Hampshire
SEANFDS13170720,MCAT3181UHS,United Kingdom,2009,Moraxella catarrhalis,Moraxella catarrhalis,Hampshire
SEANFDS13170721,MCAT3182UHS,United Kingdom,2009,Moraxella catarrhalis,Moraxella catarrhalis,Hampshire
SEANFDS13170722,MCAT3185UHS,United Kingdom,2009,Moraxella catarrhalis,Moraxella catarrhalis,Hampshire
SEANFDS13170723,MCAT3191UHS,United Kingdom,2009,Moraxella catarrhalis,Moraxella catarrhalis,Hampshire
SEANFDS13170724,MCAT3194UHS,United Kingdom,2009,Moraxella catarrhalis,Moraxella catarrhalis,Hampshire
SEANFDS13170725,MCAT3209UHS,United Kingdom,2009,Moraxella catarrhalis,Moraxella catarrhalis,Hampshire
SEANFDS13170726,MCAT3218UHS,United Kingdom,2009,Moraxella catarrhalis,Moraxella catarrhalis,Hampshire
SEANFDS13170727,MCAT3232UHS,United Kingdom,2009,Moraxella catarrhalis,Moraxella catarrhalis,Hampshire
SEANFDS13170728,MCAT3238UHS,United Kingdom,2009,Moraxella catarrhalis,Moraxella catarrhalis,Hampshire
SEANFDS13170729,MCAT3241UHS,United Kingdom,2009,Moraxella catarrhalis,Moraxella catarrhalis,Hampshire
SEANFDS13170730,MCAT3253UHS,United Kingdom,2009,Moraxella catarrhalis,Moraxella catarrhalis,Hampshire
SEANFDS13170731,MCAT3255UHS,United Kingdom,2009,Moraxella catarrhalis,Moraxella catarrhalis,Hampshire
SEANFDS13170732,MCAT3258UHS,United Kingdom,2009,Moraxella catarrhalis,Moraxella catarrhalis,Hampshire
SEANFDS13170733,MCAT3260UHS,United Kingdom,2009,Moraxella catarrhalis,Moraxella catarrhalis,Hampshire
SEANFDS13170734,MCAT3262UHS,United Kingdom,2009,Moraxella catarrhalis,Moraxella catarrhalis,Hampshire
SEANFDS13170735,MCAT3263UHS,United Kingdom,2009,Moraxella catarrhalis,Moraxella catarrhalis,Hampshire
SEANFDS13170736,MCAT3264UHS,United Kingdom,2009,Moraxella catarrhalis,Moraxella catarrhalis,Hampshire
SEANFDS13170737,MCAT3266UHS,United Kingdom,2009,Moraxella catarrhalis,Moraxella catarrhalis,Hampshire
SEANFDS13170738,MCAT3267UHS,United Kingdom,2009,Moraxella catarrhalis,Moraxella catarrhalis,Hampshire
SEANFDS13170739,MCAT3277UHS,United Kingdom,2009,Moraxella catarrhalis,Moraxella catarrhalis,Hampshire
SEANFDS13170740,MCAT3280UHS,United Kingdom,2009,Moraxella catarrhalis,Moraxella catarrhalis,Hampshire
SEANFDS13170741,MCAT3284UHS,United Kingdom,2009,Moraxella catarrhalis,Moraxella catarrhalis,Hampshire
SEANFDS13170742,MCAT3295UHS,United Kingdom,2009,Moraxella catarrhalis,Moraxella catarrhalis,Hampshire
SEANFDS13170743,MCAT3296UHS,United Kingdom,2009,Moraxella catarrhalis,Moraxella catarrhalis,Hampshire
SEANFDS13170744,MCAT3297UHS,United Kingdom,2009,Moraxella catarrhalis,Moraxella catarrhalis,Hampshire
SEANFDS13170745,MCAT4001UHS,United Kingdom,2010,Moraxella catarrhalis,Moraxella catarrhalis,Hampshire
SEANFDS13170746,MCAT4003UHS,United Kingdom,2010,Moraxella catarrhalis,Moraxella catarrhalis,Hampshire
SEANFDS13170747,MCAT4011UHS,United Kingdom,2010,Moraxella catarrhalis,Moraxella catarrhalis,Hampshire
SEANFDS13170748,MCAT4015UHS,United Kingdom,2010,Moraxella catarrhalis,Moraxella catarrhalis,Hampshire
SEANFDS13170749,MCAT4017UHS,United Kingdom,2010,Moraxella catarrhalis,Moraxella catarrhalis,Hampshire
SEANFDS13170750,MCAT4019UHS,United Kingdom,2010,Moraxella catarrhalis,Moraxella catarrhalis,Hampshire
SEANFDS13170751,MCAT4023UHS,United Kingdom,2010,Moraxella catarrhalis,Moraxella catarrhalis,Hampshire
SEANFDS13170752,MCAT4025UHS,United Kingdom,2010,Moraxella catarrhalis,Moraxella catarrhalis,Hampshire
SEANFDS13170753,MCAT4028UHS,United Kingdom,2010,Moraxella catarrhalis,Moraxella catarrhalis,Hampshire
SEANFDS13170754,MCAT4031UHS,United Kingdom,2010,Moraxella catarrhalis,Moraxella catarrhalis,Hampshire
SEANFDS13170755,MCAT4035UHS,United Kingdom,2010,Moraxella catarrhalis,Moraxella catarrhalis,Hampshire
SEANFDS13170756,MCAT4036UHS,United Kingdom,2010,Moraxella catarrhalis,Moraxella catarrhalis,Hampshire
SEANFDS13170757,MCAT4037UHS,United Kingdom,2010,Moraxella catarrhalis,Moraxella catarrhalis,Hampshire
SEANFDS13170758,MCAT4039UHS,United Kingdom,2010,Moraxella catarrhalis,Moraxella catarrhalis,Hampshire
SEANFDS13170759,MCAT4042UHS,United Kingdom,2010,Moraxella catarrhalis,Moraxella catarrhalis,Hampshire
SEANFDS13170760,MCAT4044UHS,United Kingdom,2010,Moraxella catarrhalis,Moraxella catarrhalis,Hampshire
SEANFDS13170761,MCAT4053UHS,United Kingdom,2010,Moraxella catarrhalis,Moraxella catarrhalis,Hampshire
SEANFDS13170762,MCAT4054UHS,United Kingdom,2010,Moraxella catarrhalis,Moraxella catarrhalis,Hampshire
SEANFDS13170763,MCAT4075UHS,United Kingdom,2010,Moraxella catarrhalis,Moraxella catarrhalis,Hampshire
SEANFDS13170764,MCAT4078UHS,United Kingdom,2010,Moraxella catarrhalis,Moraxella catarrhalis,Hampshire
SEANFDS13170765,MCAT4080UHS,United Kingdom,2010,Moraxella catarrhalis,Moraxella catarrhalis,Hampshire
SEANFDS13170766,MCAT4083UHS,United Kingdom,2010,Moraxella catarrhalis,Moraxella catarrhalis,Hampshire
SEANFDS13170767,MCAT4084UHS,United Kingdom,2010,Moraxella catarrhalis,Moraxella catarrhalis,Hampshire
SEANFDS13170768,MCAT4086UHS,United Kingdom,2010,Moraxella catarrhalis,Moraxella catarrhalis,Hampshire
SEANFDS13170769,MCAT4087UHS,United Kingdom,2010,Moraxella catarrhalis,Moraxella catarrhalis,Hampshire
SEANFDS13170770,MCAT4090UHS,United Kingdom,2010,Moraxella catarrhalis,Moraxella catarrhalis,Hampshire
SEANFDS13170771,MCAT4095UHS,United Kingdom,2010,Moraxella catarrhalis,Moraxella catarrhalis,Hampshire
SEANFDS13170772,MCAT4097UHS,United Kingdom,2010,Moraxella catarrhalis,Moraxella catarrhalis,Hampshire
SEANFDS13170773,MCAT4098UHS,United Kingdom,2010,Moraxella catarrhalis,Moraxella catarrhalis,Hampshire
SEANFDS13170774,BLANK,,,Moraxella catarrhalis,Moraxella catarrhalis,Hampshire
SEANFDS13170775,MCAT4099UHS,United Kingdom,2010,Moraxella catarrhalis,Moraxella catarrhalis,Hampshire
SEANFDS13170776,MCAT4103UHS,United Kingdom,2010,Moraxella catarrhalis,Moraxella catarrhalis,Hampshire
SEANFDS13170777,MCAT4104UHS,United Kingdom,2010,Moraxella catarrhalis,Moraxella catarrhalis,Hampshire
SEANFDS13170778,MCAT4106UHS,United Kingdom,2010,Moraxella catarrhalis,Moraxella catarrhalis,Hampshire
SEANFDS13170779,MCAT4109UHS,United Kingdom,2010,Moraxella catarrhalis,Moraxella catarrhalis,Hampshire
SEANFDS13170780,MCAT4110UHS,United Kingdom,2010,Moraxella catarrhalis,Moraxella catarrhalis,Hampshire
SEANFDS13170781,MCAT4116UHS,United Kingdom,2010,Moraxella catarrhalis,Moraxella catarrhalis,Hampshire
SEANFDS13170782,MCAT4124UHS,United Kingdom,2010,Moraxella catarrhalis,Moraxella catarrhalis,Hampshire
SEANFDS13170783,MCAT4129UHS,United Kingdom,2010,Moraxella catarrhalis,Moraxella catarrhalis,Hampshire
SEANFDS13170784,MCAT4130UHS,United Kingdom,2010,Moraxella catarrhalis,Moraxella catarrhalis,Hampshire
SEANFDS13170785,MCAT4133UHS,United Kingdom,2010,Moraxella catarrhalis,Moraxella catarrhalis,Hampshire
SEANFDS13170786,MCAT4134UHS,United Kingdom,2010,Moraxella catarrhalis,Moraxella catarrhalis,Hampshire
SEANFDS13170787,MCAT4136UHS,United Kingdom,2010,Moraxella catarrhalis,Moraxella catarrhalis,Hampshire
SEANFDS13170788,MCAT4142UHS,United Kingdom,2010,Moraxella catarrhalis,Moraxella catarrhalis,Hampshire
SEANFDS13170789,MCAT4148UHS,United Kingdom,2010,Moraxella catarrhalis,Moraxella catarrhalis,Hampshire
SEANFDS13170790,MCAT4154UHS,United Kingdom,2010,Moraxella catarrhalis,Moraxella catarrhalis,Hampshire
SEANFDS13170791,MCAT4160UHS,United Kingdom,2010,Moraxella catarrhalis,Moraxella catarrhalis,Hampshire
SEANFDS13170792,MCAT4168UHS,United Kingdom,2010,Moraxella catarrhalis,Moraxella catarrhalis,Hampshire
SEANFDS13170793,MCAT4176UHS,United Kingdom,2010,Moraxella catarrhalis,Moraxella catarrhalis,Hampshire
SEANFDS13170794,MCAT4177UHS,United Kingdom,2010,Moraxella catarrhalis,Moraxella catarrhalis,Hampshire
SEANFDS13170795,MCAT4180UHS,United Kingdom,2010,Moraxella catarrhalis,Moraxella catarrhalis,Hampshire
SEANFDS13170796,MCAT4184UHS,United Kingdom,2010,Moraxella catarrhalis,Moraxella catarrhalis,Hampshire
SEANFDS13170797,MCAT4191UHS,United Kingdom,2010,Moraxella catarrhalis,Moraxella catarrhalis,Hampshire
SEANFDS13170798,MCAT4210UHS,United Kingdom,2010,Moraxella catarrhalis,Moraxella catarrhalis,Hampshire
SEANFDS13170799,MCAT4213UHS,United Kingdom,2010,Moraxella catarrhalis,Moraxella catarrhalis,Hampshire
SEANFDS13170800,MCAT4214UHS,United Kingdom,2010,Moraxella catarrhalis,Moraxella catarrhalis,Hampshire
SEANFDS13170801,MCAT4219UHS,United Kingdom,2010,Moraxella catarrhalis,Moraxella catarrhalis,Hampshire
SEANFDS13170802,MCAT4220UHS,United Kingdom,2010,Moraxella catarrhalis,Moraxella catarrhalis,Hampshire
SEANFDS13170803,MCAT4223UHS,United Kingdom,2010,Moraxella catarrhalis,Moraxella catarrhalis,Hampshire
SEANFDS13170804,MCAT4226UHS,United Kingdom,2010,Moraxella catarrhalis,Moraxella catarrhalis,Hampshire
SEANFDS13170805,MCAT4227UHS,United Kingdom,2010,Moraxella catarrhalis,Moraxella catarrhalis,Hampshire
SEANFDS13170806,MCAT4229UHS,United Kingdom,2010,Moraxella catarrhalis,Moraxella catarrhalis,Hampshire
SEANFDS13170807,MCAT4230UHS,United Kingdom,2010,Moraxella catarrhalis,Moraxella catarrhalis,Hampshire
SEANFDS13170808,MCAT4233UHS,United Kingdom,2010,Moraxella catarrhalis,Moraxella catarrhalis,Hampshire
SEANFDS13170809,MCAT4236UHS,United Kingdom,2010,Moraxella catarrhalis,Moraxella catarrhalis,Hampshire
SEANFDS13170810,MCAT4237UHS,United Kingdom,2010,Moraxella catarrhalis,Moraxella catarrhalis,Hampshire
SEANFDS13170811,MCAT4258UHS,United Kingdom,2010,Moraxella catarrhalis,Moraxella catarrhalis,Hampshire
SEANFDS13170812,MCAT4263UHS,United Kingdom,2010,Moraxella catarrhalis,Moraxella catarrhalis,Hampshire
SEANFDS13170813,MCAT4268UHS,United Kingdom,2010,Moraxella catarrhalis,Moraxella catarrhalis,Hampshire
SEANFDS13170814,MCAT4269UHS,United Kingdom,2010,Moraxella catarrhalis,Moraxella catarrhalis,Hampshire
SEANFDS13170815,MCAT4276UHS,United Kingdom,2010,Moraxella catarrhalis,Moraxella catarrhalis,Hampshire
SEANFDS13170816,MCAT4277UHS,United Kingdom,2010,Moraxella catarrhalis,Moraxella catarrhalis,Hampshire
SEANFDS13170817,MCAT4282UHS,United Kingdom,2010,Moraxella catarrhalis,Moraxella catarrhalis,Hampshire
SEANFDS13170818,MCAT4284UHS,United Kingdom,2010,Moraxella catarrhalis,Moraxella catarrhalis,Hampshire
SEANFDS13170819,MCAT4292UHS,United Kingdom,2010,Moraxella catarrhalis,Moraxella catarrhalis,Hampshire
SEANFDS13170820,MCAT4298UHS,United Kingdom,2010,Moraxella catarrhalis,Moraxella catarrhalis,Hampshire
SEANFDS13170821,MCAT4300UHS,United Kingdom,2010,Moraxella catarrhalis,Moraxella catarrhalis,Hampshire
SEANFDS13170822,MCAT4301UHS,United Kingdom,2010,Moraxella catarrhalis,Moraxella catarrhalis,Hampshire
SEANFDS13170823,MCAT4302UHS,United Kingdom,2010,Moraxella catarrhalis,Moraxella catarrhalis,Hampshire
SEANFDS13170824,MCAT4303UHS,United Kingdom,2010,Moraxella catarrhalis,Moraxella catarrhalis,Hampshire
SEANFDS13170825,MCAT4307UHS,United Kingdom,2010,Moraxella catarrhalis,Moraxella catarrhalis,Hampshire
SEANFDS13170826,MCAT4308UHS,United Kingdom,2010,Moraxella catarrhalis,Moraxella catarrhalis,Hampshire
SEANFDS13170827,MCAT4309UHS,United Kingdom,2010,Moraxella catarrhalis,Moraxella catarrhalis,Hampshire
SEANFDS13170828,MCAT4310UHS,United Kingdom,2010,Moraxella catarrhalis,Moraxella catarrhalis,Hampshire
SEANFDS13170829,MCAT4311UHS,United Kingdom,2010,Moraxella catarrhalis,Moraxella catarrhalis,Hampshire
SEANFDS13170830,MCAT4314UHS,United Kingdom,2010,Moraxella catarrhalis,Moraxella catarrhalis,Hampshire
SEANFDS13170831,MCAT4315UHS,United Kingdom,2010,Moraxella catarrhalis,Moraxella catarrhalis,Hampshire
SEANFDS13170832,MCAT4319UHS,United Kingdom,2010,Moraxella catarrhalis,Moraxella catarrhalis,Hampshire
SEANFDS13170833,MCAT4322UHS,United Kingdom,2010,Moraxella catarrhalis,Moraxella catarrhalis,Hampshire
SEANFDS13170834,MCAT4332UHS,United Kingdom,2010,Moraxella catarrhalis,Moraxella catarrhalis,Hampshire
SEANFDS13170835,MCAT4335UHS,United Kingdom,2010,Moraxella catarrhalis,Moraxella catarrhalis,Hampshire
SEANFDS13170836,MCAT4337UHS,United Kingdom,2010,Moraxella catarrhalis,Moraxella catarrhalis,Hampshire
SEANFDS13170837,MCAT4338UHS,United Kingdom,2010,Moraxella catarrhalis,Moraxella catarrhalis,Hampshire
SEANFDS13170838,MCAT4339UHS,United Kingdom,2010,Moraxella catarrhalis,Moraxella catarrhalis,Hampshire
SEANFDS13170839,MCAT4341UHS,United Kingdom,2010,Moraxella catarrhalis,Moraxella catarrhalis,Hampshire
SEANFDS13170840,MCAT4342UHS,United Kingdom,2010,Moraxella catarrhalis,Moraxella catarrhalis,Hampshire
SEANFDS13170841,MCAT4344UHS,United Kingdom,2010,Moraxella catarrhalis,Moraxella catarrhalis,Hampshire
SEANFDS13170842,MCAT4348UHS,United Kingdom,2010,Moraxella catarrhalis,Moraxella catarrhalis,Hampshire
SEANFDS13170843,MCAT4349UHS,United Kingdom,2010,Moraxella catarrhalis,Moraxella catarrhalis,Hampshire
SEANFDS13170844,MCAT4350UHS,United Kingdom,2010,Moraxella catarrhalis,Moraxella catarrhalis,Hampshire
SEANFDS13170845,MCAT4351UHS,United Kingdom,2010,Moraxella catarrhalis,Moraxella catarrhalis,Hampshire
SEANFDS13170846,MCAT4356UHS,United Kingdom,2010,Moraxella catarrhalis,Moraxella catarrhalis,Hampshire
SEANFDS13170847,MCAT4360UHS,United Kingdom,2010,Moraxella catarrhalis,Moraxella catarrhalis,Hampshire
SEANFDS13170848,MCAT4370UHS,United Kingdom,2010,Moraxella catarrhalis,Moraxella catarrhalis,Hampshire
SEANFDS13170849,MCAT4375UHS,United Kingdom,2010,Moraxella catarrhalis,Moraxella catarrhalis,Hampshire
SEANFDS13170850,MCAT4376UHS,United Kingdom,2010,Moraxella catarrhalis,Moraxella catarrhalis,Hampshire
SEANFDS13170851,MCAT4377UHS,United Kingdom,2010,Moraxella catarrhalis,Moraxella catarrhalis,Hampshire
SEANFDS13170852,MCAT4381UHS,United Kingdom,2010,Moraxella catarrhalis,Moraxella catarrhalis,Hampshire
SEANFDS13170853,MCAT4389UHS,United Kingdom,2010,Moraxella catarrhalis,Moraxella catarrhalis,Hampshire
SEANFDS13170854,MCAT4400UHS,United Kingdom,2010,Moraxella catarrhalis,Moraxella catarrhalis,Hampshire
SEANFDS13170855,MCAT5001UHS,United Kingdom,2011,Moraxella catarrhalis,Moraxella catarrhalis,Hampshire
SEANFDS13170856,MCAT5002UHS,United Kingdom,2011,Moraxella catarrhalis,Moraxella catarrhalis,Hampshire
SEANFDS13170857,MCAT5005UHS,United Kingdom,2011,Moraxella catarrhalis,Moraxella catarrhalis,Hampshire
SEANFDS13170858,MCAT5007UHS,United Kingdom,2011,Moraxella catarrhalis,Moraxella catarrhalis,Hampshire
SEANFDS13170859,MCAT5009UHS,United Kingdom,2011,Moraxella catarrhalis,Moraxella catarrhalis,Hampshire
SEANFDS13170860,MCAT5013UHS,United Kingdom,2011,Moraxella catarrhalis,Moraxella catarrhalis,Hampshire
SEANFDS13170861,MCAT5017UHS,United Kingdom,2011,Moraxella catarrhalis,Moraxella catarrhalis,Hampshire
SEANFDS13170862,MCAT5021UHS,United Kingdom,2011,Moraxella catarrhalis,Moraxella catarrhalis,Hampshire
SEANFDS13170863,MCAT5025UHS,United Kingdom,2011,Moraxella catarrhalis,Moraxella catarrhalis,Hampshire
SEANFDS13170864,MCAT5033UHS,United Kingdom,2011,Moraxella catarrhalis,Moraxella catarrhalis,Hampshire
SEANFDS13170865,MCAT5034UHS,United Kingdom,2011,Moraxella catarrhalis,Moraxella catarrhalis,Hampshire
SEANFDS13170866,MCAT5039UHS,United Kingdom,2011,Moraxella catarrhalis,Moraxella catarrhalis,Hampshire
SEANFDS13170867,MCAT5043UHS,United Kingdom,2011,Moraxella catarrhalis,Moraxella catarrhalis,Hampshire
SEANFDS13170868,MCAT5045UHS,United Kingdom,2011,Moraxella catarrhalis,Moraxella catarrhalis,Hampshire
SEANFDS13170869,MCAT5049UHS,United Kingdom,2011,Moraxella catarrhalis,Moraxella catarrhalis,Hampshire
SEANFDS13170870,BLANK,,,Moraxella catarrhalis,Moraxella catarrhalis,Hampshire
SEANFDS13170871,MCAT5050UHS,United Kingdom,2011,Moraxella catarrhalis,Moraxella catarrhalis,Hampshire
SEANFDS13170872,MCAT5052UHS,United Kingdom,2011,Moraxella catarrhalis,Moraxella catarrhalis,Hampshire
SEANFDS13170873,MCAT5055UHS,United Kingdom,2011,Moraxella catarrhalis,Moraxella catarrhalis,Hampshire
SEANFDS13170874,MCAT5058UHS,United Kingdom,2011,Moraxella catarrhalis,Moraxella catarrhalis,Hampshire
SEANFDS13170875,MCAT5063UHS,United Kingdom,2011,Moraxella catarrhalis,Moraxella catarrhalis,Hampshire
SEANFDS13170876,MCAT5065UHS,United Kingdom,2011,Moraxella catarrhalis,Moraxella catarrhalis,Hampshire
SEANFDS13170877,MCAT5070UHS,United Kingdom,2011,Moraxella catarrhalis,Moraxella catarrhalis,Hampshire
SEANFDS13170878,MCAT5086UHS,United Kingdom,2011,Moraxella catarrhalis,Moraxella catarrhalis,Hampshire
SEANFDS13170879,MCAT5097UHS,United Kingdom,2011,Moraxella catarrhalis,Moraxella catarrhalis,Hampshire
SEANFDS13170880,MCAT5098UHS,United Kingdom,2011,Moraxella catarrhalis,Moraxella catarrhalis,Hampshire
SEANFDS13170881,MCAT5100UHS,United Kingdom,2011,Moraxella catarrhalis,Moraxella catarrhalis,Hampshire
SEANFDS13170882,MCAT5101UHS,United Kingdom,2011,Moraxella catarrhalis,Moraxella catarrhalis,Hampshire
SEANFDS13170883,MCAT5105UHS,United Kingdom,2011,Moraxella catarrhalis,Moraxella catarrhalis,Hampshire
SEANFDS13170884,MCAT5109UHS,United Kingdom,2011,Moraxella catarrhalis,Moraxella catarrhalis,Hampshire
SEANFDS13170885,MCAT5120UHS,United Kingdom,2011,Moraxella catarrhalis,Moraxella catarrhalis,Hampshire
SEANFDS13170886,MCAT5122UHS,United Kingdom,2011,Moraxella catarrhalis,Moraxella catarrhalis,Hampshire
SEANFDS13170887,MCAT5123UHS,United Kingdom,2011,Moraxella catarrhalis,Moraxella catarrhalis,Hampshire
SEANFDS13170888,MCAT5125UHS,United Kingdom,2011,Moraxella catarrhalis,Moraxella catarrhalis,Hampshire
SEANFDS13170889,MCAT5134UHS,United Kingdom,2011,Moraxella catarrhalis,Moraxella catarrhalis,Hampshire
SEANFDS13170890,MCAT5136UHS,United Kingdom,2011,Moraxella catarrhalis,Moraxella catarrhalis,Hampshire
SEANFDS13170891,MCAT5165UHS,United Kingdom,2011,Moraxella catarrhalis,Moraxella catarrhalis,Hampshire
SEANFDS13170892,MCAT5166UHS,United Kingdom,2011,Moraxella catarrhalis,Moraxella catarrhalis,Hampshire
SEANFDS13170893,MCAT5173UHS,United Kingdom,2011,Moraxella catarrhalis,Moraxella catarrhalis,Hampshire
SEANFDS13170894,MCAT5176UHS,United Kingdom,2011,Moraxella catarrhalis,Moraxella catarrhalis,Hampshire
SEANFDS13170895,MCAT5178UHS,United Kingdom,2011,Moraxella catarrhalis,Moraxella catarrhalis,Hampshire
SEANFDS13170896,MCAT5182UHS,United Kingdom,2011,Moraxella catarrhalis,Moraxella catarrhalis,Hampshire
SEANFDS13170897,MCAT5184UHS,United Kingdom,2011,Moraxella catarrhalis,Moraxella catarrhalis,Hampshire
SEANFDS13170898,MCAT5187UHS,United Kingdom,2011,Moraxella catarrhalis,Moraxella catarrhalis,Hampshire
SEANFDS13170899,MCAT5194UHS,United Kingdom,2011,Moraxella catarrhalis,Moraxella catarrhalis,Hampshire
SEANFDS13170900,MCAT5196UHS,United Kingdom,2011,Moraxella catarrhalis,Moraxella catarrhalis,Hampshire
SEANFDS13170901,MCAT5197UHS,United Kingdom,2011,Moraxella catarrhalis,Moraxella catarrhalis,Hampshire
SEANFDS13170902,MCAT5206UHS,United Kingdom,2011,Moraxella catarrhalis,Moraxella catarrhalis,Hampshire
SEANFDS13170903,MCAT5208UHS,United Kingdom,2011,Moraxella catarrhalis,Moraxella catarrhalis,Hampshire
SEANFDS13170904,MCAT5209UHS,United Kingdom,2011,Moraxella catarrhalis,Moraxella catarrhalis,Hampshire
SEANFDS13170905,MCAT5210UHS,United Kingdom,2011,Moraxella catarrhalis,Moraxella catarrhalis,Hampshire
SEANFDS13170906,MCAT5212UHS,United Kingdom,2011,Moraxella catarrhalis,Moraxella catarrhalis,Hampshire
SEANFDS13170907,MCAT5227UHS,United Kingdom,2011,Moraxella catarrhalis,Moraxella catarrhalis,Hampshire
SEANFDS13170908,MCAT5233UHS,United Kingdom,2011,Moraxella catarrhalis,Moraxella catarrhalis,Hampshire
SEANFDS13170909,MCAT5234UHS,United Kingdom,2011,Moraxella catarrhalis,Moraxella catarrhalis,Hampshire
SEANFDS13170910,MCAT5244UHS,United Kingdom,2011,Moraxella catarrhalis,Moraxella catarrhalis,Hampshire
SEANFDS13170911,MCAT5254UHS,United Kingdom,2011,Moraxella catarrhalis,Moraxella catarrhalis,Hampshire
SEANFDS13170912,MCAT5258UHS,United Kingdom,2011,Moraxella catarrhalis,Moraxella catarrhalis,Hampshire
SEANFDS13170913,MCAT5260UHS,United Kingdom,2011,Moraxella catarrhalis,Moraxella catarrhalis,Hampshire
SEANFDS13170914,MCAT5261UHS,United Kingdom,2011,Moraxella catarrhalis,Moraxella catarrhalis,Hampshire
SEANFDS13170915,MCAT5263UHS,United Kingdom,2011,Moraxella catarrhalis,Moraxella catarrhalis,Hampshire
SEANFDS13170916,MCAT5266UHS,United Kingdom,2011,Moraxella catarrhalis,Moraxella catarrhalis,Hampshire
SEANFDS13170917,MCAT5268UHS,United Kingdom,2011,Moraxella catarrhalis,Moraxella catarrhalis,Hampshire
SEANFDS13170918,MCAT5269UHS,United Kingdom,2011,Moraxella catarrhalis,Moraxella catarrhalis,Hampshire
SEANFDS13170919,MCAT5270UHS,United Kingdom,2011,Moraxella catarrhalis,Moraxella catarrhalis,Hampshire
SEANFDS13170920,MCAT5271UHS,United Kingdom,2011,Moraxella catarrhalis,Moraxella catarrhalis,Hampshire
SEANFDS13170921,MCAT5272UHS,United Kingdom,2011,Moraxella catarrhalis,Moraxella catarrhalis,Hampshire
SEANFDS13170922,MCAT5275UHS,United Kingdom,2011,Moraxella catarrhalis,Moraxella catarrhalis,Hampshire
SEANFDS13170923,MCAT5276UHS,United Kingdom,2011,Moraxella catarrhalis,Moraxella catarrhalis,Hampshire
SEANFDS13170924,MCAT5277UHS,United Kingdom,2011,Moraxella catarrhalis,Moraxella catarrhalis,Hampshire
SEANFDS13170925,MCAT5279UHS,United Kingdom,2011,Moraxella catarrhalis,Moraxella catarrhalis,Hampshire
SEANFDS13170926,MCAT5281UHS,United Kingdom,2011,Moraxella catarrhalis,Moraxella catarrhalis,Hampshire
SEANFDS13170927,MCAT5284UHS,United Kingdom,2011,Moraxella catarrhalis,Moraxella catarrhalis,Hampshire
SEANFDS13170928,MCAT5285UHS,United Kingdom,2011,Moraxella catarrhalis,Moraxella catarrhalis,Hampshire
SEANFDS13170929,MCAT5287UHS,United Kingdom,2011,Moraxella catarrhalis,Moraxella catarrhalis,Hampshire
SEANFDS13170930,MCAT5288UHS,United Kingdom,2011,Moraxella catarrhalis,Moraxella catarrhalis,Hampshire
SEANFDS13170931,MCAT4012UHS,United Kingdom,2010,Moraxella catarrhalis,Moraxella catarrhalis,Hampshire